<?xml version="1.0" encoding="UTF-8"?>
<rulesconfig version="4.1.0_0">
   <jardir>D:\PARE</jardir>
   <jarname>output</jarname>
   <bundle_version>0</bundle_version>
   <serviceport>8080</serviceport>
   <nativeevaluator>false</nativeevaluator>
   <onload/>
   <function assettype="Read" batch="false" desc="" exposed="true" methodname="runCmd"
             name="getActivePoolSize"
             public="true"
             responsetype="TEXT"
             returntype="STRING"
             type="Script">
      <script scripttype="Javascript">var rm = com.ruleengine.manager.RuleManager.getContextInstance();
var retval = '';
retval = retval+'TRUEBYL: '+rm.getConnector('TRUEBYL').getActivePoolSize();
retval;
</script>
   </function>
   <connector assettype="Create" batch="false" classlocation="[PostgreSQL_DRIVER_LOCATION]"
              conntype="DB"
              dbtype="POSTGRESQL"
              desc=""
              driverclassname="org.postgresql.Driver"
              exposed="false"
              initialpoolsize="2"
              maxpoolsize="-1"
              name="TRUEBYL"
              public="false"
              responsetype="TEXT"
              url="[PostgreSQL_CONNECTION_STRING]"
              usemaxpoolsize="false"
              username="[partner_DB_USERNAME]"
              xadsclassname="org.postgresql.xa.PGXADataSource">
      <password password="partner_DB_PASSWORD" usepwdman="true"/>
   </connector>
</rulesconfig>