<?xml version="1.0" encoding="UTF-8"?>
<rulesconfig version="4.1.8_6">
   <jardir>C:\Users\abhra.chandra/PAREExportBundles/audit_engine/lib</jardir>
   <jarname>auditmodel</jarname>
   <bundle_version>1</bundle_version>
   <serviceport>8080</serviceport>
   <nativeevaluator>false</nativeevaluator>
   <onload/>
   <field assettype="Create" batch="false" datatype="STRING" desc="" encrypted="false"
          exposed="false"
          fieldtype="USER"
          name="event"
          public="false"
          responsetype="TEXT"
          threadlocal="true"
          valuestr=""/>
   <field assettype="Create" batch="false" datatype="STRING" desc="" encrypted="false"
          exposed="false"
          fieldtype="USER"
          name="engine"
          public="false"
          responsetype="TEXT"
          threadlocal="true"
          valuestr=""/>
   <field assettype="Create" batch="false" datatype="STRING" desc="" encrypted="false"
          exposed="false"
          fieldtype="USER"
          name="evtid"
          public="false"
          responsetype="TEXT"
          threadlocal="true"
          valuestr=""/>
   <field assettype="Create" batch="false" datatype="STRING" desc="" encrypted="false"
          exposed="false"
          fieldtype="USER"
          name="result"
          public="false"
          responsetype="TEXT"
          threadlocal="true"
          valuestr=""/>
   <field assettype="Create" batch="false" datatype="DATETIME" desc="" encrypted="false"
          exposed="false"
          fieldtype="USER"
          name="evtime"
          public="false"
          responsetype="TEXT"
          threadlocal="true"
          valuestr="28-Jul-2022 16:47:21"/>
   <field assettype="Create" batch="false" datatype="STRING" desc="" encrypted="false"
          exposed="false"
          fieldtype="USER"
          name="username"
          public="false"
          responsetype="TEXT"
          threadlocal="true"
          valuestr=""/>
   <model assettype="Create" batch="false" dateformat="dd-MMM-yyyy HH:mm:ss" desc=""
          exposed="false"
          listrender="false"
          name="EventInfo"
          package="u11.auditmodel"
          public="false"
          responsetype="TEXT"
          rootname="AuditInfo"
          version="2">
      <element list="false" memberfield="engine" membertype="Field" varname="engine"/>
      <element list="false" memberfield="event" membertype="Field" varname="event"/>
      <element list="false" memberfield="evtid" membertype="Field" varname="evtid"/>
      <element list="false" memberfield="result" membertype="Field" varname="result"/>
      <element list="false" memberfield="evtime" membertype="Field" varname="evtime"/>
      <element list="false" memberfield="username" membertype="Field" varname="username"/>
   </model>
   <action assettype="Create" batch="false" desc="Sets value of a model via JSON string"
           exposed="false"
           methodname="runCmd"
           model="EventInfo"
           name="EventInfo.Json ="
           public="false"
           responsetype="TEXT"
           type="SetModelJson">
      <param datatype="STRING" help="JSON value of the model EventInfo"/>
   </action>
   <function assettype="Create" batch="false" desc="Formats a DATA/TIME type field"
             exposed="false"
             fieldname="evtime"
             methodname="date_formatter"
             name="evtime.Formatter"
             public="false"
             responsetype="TEXT"
             returntype="STRING"
             type="Formatter">
      <param datatype="STRING" help="Output Format"/>
   </function>
   <connector assettype="Create" batch="false" classlocation="[PostgreSQL_DRIVER_LOCATION]"
              connname="TRUEBYL"
              conntype="DBLINK"
              dbtype="POSTGRESQL"
              desc=""
              driverclassname="org.postgresql.Driver"
              engine="dbconnectionpool"
              exposed="false"
              initialpoolsize="1"
              maxpoolsize="-1"
              name="partner_DB_Connector@dblink"
              public="false"
              responsetype="TEXT"
              url="[PostgreSQL_CONNECTION_STRING]"
              usemaxpoolsize="false"
              username="[partner_DB_USERNAME]"
              xadsclassname="org.postgresql.xa.PGXADataSource">
      <password password="partner_DB_PASSWORD" usepwdman="true"/>
   </connector>
   <field assettype="Create" batch="false" datatype="STRING" desc="" encrypted="false"
          exposed="false"
          fieldtype="USER"
          name="ModBy"
          public="false"
          responsetype="TEXT"
          threadlocal="true"
          valuestr=""/>
   <field assettype="Create" batch="false" datatype="LONG" desc="" encrypted="false"
          exposed="false"
          fieldtype="USER"
          name="AccountNo"
          public="false"
          responsetype="TEXT"
          threadlocal="true"
          valuestr="0"/>
   <action assettype="Create" batch="false" desc="Sets value of field ModBy"
           exposed="false"
           field="ModBy"
           methodname="runCmd"
           name="ModBy ="
           public="false"
           responsetype="TEXT"
           type="Setter">
      <param datatype="STRING" help="Value of the field ModBy"/>
   </action>
   <field assettype="Create" batch="false" datatype="STRING" desc="" encrypted="false"
          exposed="false"
          fieldtype="USER"
          name="LogMessage"
          public="false"
          responsetype="TEXT"
          threadlocal="true"
          valuestr=""/>
   <action assettype="Create" batch="false" desc="Sets value of field result"
           exposed="false"
           field="result"
           methodname="runCmd"
           name="result ="
           public="false"
           responsetype="TEXT"
           type="Setter">
      <param datatype="STRING" help="Value of the field result"/>
   </action>
   <connector assettype="Create" batch="false" childfirst="false"
              classloc="C:\Users\abhra.chandra/PAREExportBundles/audit_engine/lib/truebyllibrary.jar"
              classname="com.filelogger.FileLogger"
              conntype="CLASS"
              desc=""
              exposed="false"
              itype="Singleton"
              name="Connector_Logger"
              public="false"
              responsetype="TEXT"
              username="">
      <password password="" usepwdman="true"/>
   </connector>
   <action assettype="Create" batch="false" classconnector="Connector_Logger"
           desc="Action writeLine2 of Class Connector_Logger"
           exposed="false"
           methodname="writeLine2"
           name="Connector_Logger.writeLine2"
           public="false"
           responsetype="TEXT"
           type="Custom">
      <param datatype="STRING" help="arg0"/>
      <param datatype="STRING" help="arg1"/>
      <param datatype="STRING" help="arg2"/>
   </action>
   <action assettype="Create" batch="false" desc="Sets value of field AccountNo"
           exposed="false"
           field="AccountNo"
           methodname="runCmd"
           name="AccountNo ="
           public="false"
           responsetype="TEXT"
           type="Setter">
      <param datatype="LONG" help="Value of the field AccountNo"/>
   </action>
   <field assettype="Create" batch="false" datatype="STRING" desc="" encrypted="false"
          exposed="false"
          fieldtype="USER"
          name="EngineName"
          public="false"
          responsetype="TEXT"
          threadlocal="false"
          valuestr="audit_engine"/>
   <action assettype="Create" batch="false" desc="Sets value of field LogMessage"
           exposed="false"
           field="LogMessage"
           methodname="runCmd"
           name="LogMessage ="
           public="false"
           responsetype="TEXT"
           type="Setter">
      <param datatype="STRING" help="Value of the field LogMessage"/>
   </action>
   <action assettype="Create" batch="false" connector="partner_DB_Connector@dblink"
           desc="Execute the DML query as represented by the passed expression"
           exposed="false"
           methodname="executeDML"
           name="partner_DB_Connector.DML"
           public="false"
           responsetype="TEXT"
           type="DML">
      <param datatype="STRING" help="DML Query"/>
   </action>
   <field assettype="Create" batch="false" datatype="DATETIME" desc="" exposed="false"
          fieldtype="NOW"
          name="CurrentDateTime"
          public="false"
          responsetype="TEXT"
          threadlocal="true"/>
   <action assettype="Create" batch="false" desc="" exposed="false" methodname="runCmd"
           name="script_getModBy"
           public="false"
           responsetype="TEXT"
           type="Script">
      <param datatype="STRING" help="auditParamValue"/>
      <script scripttype="Javascript">var logLevel = "Error:";
var APIName = "add_audit_info()::script_getModBy:";

var str= v_result.get();	
//START: Change for Modby
//var i = str.indexOf('_');
//var i = str.indexOf(':');
//if(i == -1){
//	i = str.indexOf('_');
var i = str.indexOf('|');
//END: Change for Modby
var splits = [str.slice(0,i),str.slice(i+1)];
v_ModBy.set(splits[0]);
v_result.set(splits[1]);
var activityInfo = splits[1];
var obj = "";
if(activityInfo != ""){
	try{
		obj = JSON.parse(activityInfo);
	}
	catch(e){
		v_LogMessage.set("Invalid JSON format");
		Connector_Logger_writeLine2.call(v_EngineName.get(),logLevel+APIName+v_LogMessage.get(),PARTITION_ID);
		Connector_Logger_writeLine2.call(v_EngineName.get(),logLevel+APIName+getLastErrorStack.call(),PARTITION_ID);
		//throw "&lt;&lt;&lt; "+ logLevel + v_LogMessage.get() +" &gt;&gt;&gt;";
	}
	if(activityInfo.charAt(0) == "[")
	{
		for(i=0; i &lt; obj.length; i++){
			var activityInfo_key = Object.keys(obj[i]);
			for(var j = 0; j &lt; activityInfo_key.length; j++)
			{			
				if("AccountNo".localeCompare(activityInfo_key[j]) == 0){
					var accNo = obj[i]["AccountNo"];
					if(accNo != "")
					{
						var no = parseInt(accNo);
						v_AccountNo.set(no);
					}
				}
			}
		}
		
		
	}else{
			
		var activityInfo_key = Object.keys(obj);
			for(var j = 0; j &lt; activityInfo_key.length; j++)
			{	
				if("AccountNo".localeCompare(activityInfo_key[j]) == 0){
					var accNo = obj["AccountNo"];
					if(accNo != "")
					{
						var no = parseInt(accNo);
						v_AccountNo.set(no);
					}
				}
			}	
	}
}	
	


			</script>
      <reference name="Connector_Logger.writeLine2"/>
      <reference name="getLastErrorStack"/>
      <reference name="result"/>
      <reference name="ModBy"/>
      <reference name="AccountNo"/>
      <reference name="LogMessage"/>
      <reference name="EngineName"/>
   </action>
   <action assettype="Create" batch="false" desc="Sets value of field EngineName"
           exposed="false"
           field="EngineName"
           methodname="runCmd"
           name="EngineName ="
           public="false"
           responsetype="TEXT"
           type="Setter">
      <param datatype="STRING" help="Value of the field EngineName"/>
   </action>
   <action assettype="Create" batch="false" connector="partner_DB_Connector@dblink"
           desc=""
           exposed="false"
           methodname="runCmd"
           name="pdml_insert_audit_events"
           public="false"
           querytype="INSERT"
           responsetype="TEXT"
           table="at_auditdetails"
           type="PDML">
      <param datatype="STRING" help="activityinfo"/>
      <param datatype="STRING" help="engine"/>
      <param datatype="STRING" help="event"/>
      <param datatype="STRING" help="eventid"/>
      <param datatype="STRING" help="eventtime"/>
      <param datatype="STRING" help="userid"/>
      <param datatype="STRING" help="username"/>
      <param datatype="LONG" help="accountno"/>
      <col name="activityinfo" ptype="STRING" stype="12" value="[activityinfo]"/>
      <col name="event" ptype="STRING" stype="12" value="[event]"/>
      <col name="engine" ptype="STRING" stype="12" value="[engine]"/>
      <col name="eventid" ptype="STRING" stype="12" value="[eventid]"/>
      <col name="userid" ptype="STRING" stype="12" value="[userid]"/>
      <col name="username" ptype="STRING" stype="12" value="[username]"/>
      <col name="eventtime" ptype="DATETIME" stype="93" value="[CurrentDateTime]"/>
      <col name="accountno" ptype="LONG" stype="-5" value="[accountno]"/>
      <reference name="event"/>
      <reference name="engine"/>
      <reference name="username"/>
      <reference name="CurrentDateTime"/>
      <reference name="AccountNo"/>
   </action>
   <action assettype="Create" batch="false" desc="" exposed="false" handleerror="true"
           methodname="runCmd"
           name="act_populateAuditInfo"
           public="false"
           responsetype="TEXT"
           type="OnError">
      <normalaction name="pdml_insert_audit_events"
                    params="[result],[engine],[event],[evtid],[evtime],[ModBy],[username],[AccountNo]"/>
      <erroraction name="LogMessage =" params="Populating AT_AUDITDETAILS table"/>
      <erroraction name="nullout"
                   params="{Connector_Logger.writeLine2([EngineName],Error:add_audit_info()::act_populateAuditInfo:[LogMessage],[PARTITION_ID])}"/>
      <erroraction name="nullout"
                   params="{Connector_Logger.writeLine2([EngineName],Error:add_audit_info()::act_populateAuditInfo:{Builtin.getLastErrorStack()},[PARTITION_ID])}"/>
      <erroraction name="exception" params="&lt;&lt;&lt;Error:[LogMessage]&gt;&gt;&gt;"/>
      <reference name="result"/>
      <reference name="engine"/>
      <reference name="event"/>
      <reference name="evtid"/>
      <reference name="evtime"/>
      <reference name="ModBy"/>
      <reference name="username"/>
      <reference name="AccountNo"/>
      <reference name="Connector_Logger.writeLine2"/>
      <reference name="EngineName"/>
      <reference name="LogMessage"/>
      <reference name="getLastErrorStack"/>
   </action>
   <action assettype="Create" batch="false" connector="partner_DB_Connector@dblink"
           desc=""
           exposed="false"
           methodname="runCmd"
           name="pdml_insert_site_events"
           public="false"
           querytype="INSERT"
           responsetype="TEXT"
           table="tb_auditdetails"
           type="PDML">
      <param datatype="STRING" help="activityinfo"/>
      <param datatype="STRING" help="engine"/>
      <param datatype="STRING" help="event"/>
      <param datatype="STRING" help="eventid"/>
      <param datatype="STRING" help="eventtime"/>
      <param datatype="STRING" help="userid"/>
      <param datatype="STRING" help="username"/>
      <param datatype="INTEGER" help="entitytype"/>
      <param datatype="STRING" help="entityvalue"/>
      <col name="activityinfo" ptype="STRING" stype="12" value="[activityinfo]"/>
      <col name="event" ptype="STRING" stype="12" value="[event]"/>
      <col name="engine" ptype="STRING" stype="12" value="[engine]"/>
      <col name="eventid" ptype="STRING" stype="12" value="[eventid]"/>
      <col name="userid" ptype="STRING" stype="12" value="[userid]"/>
      <col name="username" ptype="STRING" stype="12" value="[username]"/>
      <col name="entitytype" ptype="INTEGER" stype="5" value="[entitytype]"/>
      <col name="entityvalue" ptype="STRING" stype="12" value="[entityvalue]"/>
      <col name="eventtime" ptype="DATETIME" stype="93" value="[CurrentDateTime]"/>
      <reference name="event"/>
      <reference name="engine"/>
      <reference name="username"/>
      <reference name="CurrentDateTime"/>
   </action>
   <action assettype="Create" batch="false" breakonsuccess="false" desc="" exposed="true"
           methodname="runCmd"
           name="add_audit_info"
           public="false"
           responsetype="TEXT"
           serialized="false"
           threadmode="false"
           type="Sequence">
      <param datatype="STRING" help="eventinfo_json"/>
      <subscriber action="EventInfo.Json =" params="[eventinfo_json]"/>
      <subscriber action="script_getModBy" params="[eventinfo_json]"/>
      <subscriber action="sysout"
                  params="[engine] / [event] / [evtid] / [result] / [evtime] / [username]/[ModBy]"/>
      <subscriber action="act_populateAuditInfo" params=""/>
      <reference name="engine"/>
      <reference name="event"/>
      <reference name="evtid"/>
      <reference name="result"/>
      <reference name="evtime"/>
      <reference name="username"/>
      <reference name="ModBy"/>
   </action>
</rulesconfig>