<?xml version="1.0" encoding="UTF-8"?>
<rulesconfig version="4.2.1_2">
   <jardir>C:\Users\abhra</jardir>
   <jarname>output</jarname>
   <bundle_version>115</bundle_version>
   <serviceport>8080</serviceport>
   <nativeevaluator>false</nativeevaluator>
   <onload/>
   <connector assettype="Create" batch="false" bounceaddress="[SMTP_Bounce_Address]"
              conntype="SMTP"
              desc=""
              exposed="false"
              host="[SMTP_Host]"
              name="Connector_Email"
              oauth2="false"
              port="587"
              public="false"
              responsetype="TEXT"
              ssl="false"
              tlsenabled="true"
              tlsrequired="false"
              token=""
              username="[SMTP_Username]">
      <password algo="md5" password="SMTP_email_password" usepwdman="true"/>
   </connector>
   <action assettype="Create" batch="false" bcc="" body="[BodyMail]" cc=""
           connector="Connector_Email"
           desc=""
           exposed="true"
           from="[SMTP_Sender_Address]"
           fromname=""
           html="true"
           methodname="send"
           name="act_sendEmail"
           public="false"
           recepient="[ToEmail]"
           replyto="[SMTP_Bounce_Address]"
           responsetype="TEXT"
           subject="[SubjectMail]"
           type="EmailSend">
      <param datatype="STRING" help="ToEmail"/>
      <param datatype="STRING" help="SubjectMail"/>
      <param datatype="STRING" help="BodyMail"/>
   </action>
   <action assettype="Create" batch="false" bcc="" body="[Body]" cc=""
           connector="Connector_Email"
           desc=""
           exposed="true"
           from="[SMTP_Sender_Address]"
           fromname=""
           html="true"
           methodname="send"
           name="email_act_sendEmail"
           public="false"
           recepient="[To]"
           replyto="[SMTP_Bounce_Address]"
           responsetype="TEXT"
           subject="[Subject]"
           type="EmailSend">
      <param datatype="STRING" help="Subject"/>
      <param datatype="STRING" help="Body"/>
      <param datatype="STRING" help="To"/>
      <param datatype="STRING" help="AttachFileName1"/>
      <param datatype="STRING" help="AttachFileName2"/>
      <param datatype="STRING" help="AttachFileName3"/>
      <param datatype="LONG" help="RequestId"/>
      <header name="RequestId" value="[RequestId]"/>
      <attach isurl="false" mandatory="false" name="Attachment1" path="[AttachFileName1]"/>
      <attach isurl="false" mandatory="false" name="Attachment2" path="[AttachFileName2]"/>
      <attach isurl="false" mandatory="false" name="Attachment3" path="[AttachFileName3]"/>
   </action>
   <action assettype="Create" batch="false" bcc="" body="[BodyMail]" cc="[CCEmail]"
           connector="Connector_Email"
           desc=""
           exposed="true"
           from="[FromEmail]"
           fromname=""
           html="true"
           methodname="send"
           name="act_sendEmailwithCC"
           public="false"
           recepient="[ToEmail]"
           replyto="[SMTP_Bounce_Address]"
           responsetype="TEXT"
           subject="[SubjectMail]"
           type="EmailSend">
      <param datatype="STRING" help="FromEmail"/>
      <param datatype="STRING" help="ToEmail"/>
      <param datatype="STRING" help="CCEmail"/>
      <param datatype="STRING" help="SubjectMail"/>
      <param datatype="STRING" help="BodyMail"/>
   </action>
   <action assettype="Create" batch="false" bcc="" body="[BodyMail]" cc=""
           connector="Connector_Email"
           desc=""
           exposed="true"
           from="[FromEmail]"
           fromname=""
           html="true"
           methodname="send"
           name="act_sendFromEmail"
           public="false"
           recepient="[ToEmail]"
           replyto="[SMTP_Bounce_Address]"
           responsetype="TEXT"
           subject="[SubjectMail]"
           type="EmailSend">
      <param datatype="STRING" help="FromEmail"/>
      <param datatype="STRING" help="ToEmail"/>
      <param datatype="STRING" help="SubjectMail"/>
      <param datatype="STRING" help="BodyMail"/>
   </action>
   <action assettype="Create" batch="false" bcc="" body="[Body]" cc=""
           connector="Connector_Email"
           desc=""
           exposed="true"
           from="[SMTP_Sender_Address]"
           fromname=""
           html="true"
           methodname="send"
           name="email_act_sendEmailwithSingleAttachment"
           public="false"
           recepient="[To]"
           replyto="[SMTP_Bounce_Address]"
           responsetype="TEXT"
           subject="[Subject]"
           type="EmailSend">
      <param datatype="STRING" help="Subject"/>
      <param datatype="STRING" help="Body"/>
      <param datatype="STRING" help="To"/>
      <param datatype="STRING" help="AttachFileName1"/>
      <header name="RequestId" value="[RequestId]"/>
      <attach isurl="false" mandatory="false" name="Attachment1" path="[AttachFileName1]"/>
   </action>
</rulesconfig>