<?xml version="1.0" encoding="UTF-8"?>
<rulesconfig version="4.2.1_2">
   <jardir>D:\PARE</jardir>
   <jarname>output</jarname>
   <bundle_version>56</bundle_version>
   <serviceport>8080</serviceport>
   <nativeevaluator>false</nativeevaluator>
   <onload/>
   <field assettype="Create" batch="false" datatype="STRING" desc="" encrypted="false"
          exposed="true"
          fieldtype="USER"
          name="token"
          public="false"
          responsetype="TEXT"
          threadlocal="true"
          valuestr=""/>
   <function assettype="Read" authtype="BEARER" batch="false" bearer="[token]" desc=""
             downloadloc=""
             exposed="false"
             isdownload="false"
             method="GET"
             methodname="runCmd"
             name="getUsers"
             proxyenabled="false"
             public="false"
             rawbody="false"
             rawdata=""
             rawmediatype="TEXT"
             readtimeout="600"
             responsetype="TEXT"
             returntype="STRING"
             type="RestService"
             url="[SERVER_PROTOCOL]://[SERVER_IP]:[SERVER_PORT]/RuleServer/services/list_users"
             writetimeout="600">
      <reference name="token"/>
   </function>
   <function assettype="Create" authtype="BEARER" batch="false" bearer="[token]" desc=""
             downloadloc=""
             exposed="false"
             isdownload="false"
             method="GET"
             methodname="runCmd"
             name="getWorkgroups"
             proxyenabled="false"
             public="false"
             rawbody="false"
             rawdata=""
             rawmediatype="TEXT"
             readtimeout="600"
             responsetype="TEXT"
             returntype="STRING"
             type="RestService"
             url="[SERVER_PROTOCOL]://[SERVER_IP]:[SERVER_PORT]/RuleServer/services/list_workgroups"
             writetimeout="600">
      <reference name="token"/>
   </function>
   <function assettype="Read" authtype="BEARER" batch="false" bearer="[token]" desc=""
             downloadloc=""
             exposed="false"
             isdownload="false"
             method="GET"
             methodname="runCmd"
             name="getEngines"
             proxyenabled="false"
             public="false"
             rawbody="false"
             rawdata=""
             rawmediatype="TEXT"
             readtimeout="600"
             responsetype="TEXT"
             returntype="STRING"
             type="RestService"
             url="[SERVER_PROTOCOL]://[SERVER_IP]:[SERVER_PORT]/RuleServer/services/list_engines"
             writetimeout="600">
      <reference name="token"/>
   </function>
   <function assettype="Create" authtype="NONE" batch="false" bearer="" desc=""
             downloadloc=""
             exposed="false"
             isdownload="false"
             method="POST"
             methodname="runCmd"
             name="save"
             proxyenabled="false"
             public="false"
             rawbody="false"
             rawdata=""
             rawmediatype="TEXT"
             readtimeout="600"
             responsetype="TEXT"
             returntype="STRING"
             type="RestService"
             url="[SERVER_PROTOCOL]://[SERVER_IP]:[SERVER_PORT]/RuleServer/services/save"
             writetimeout="600"/>
   <field assettype="Create" batch="false" datatype="STRING" desc="" encrypted="false"
          exposed="false"
          fieldtype="USER"
          name="UserName"
          public="false"
          responsetype="TEXT"
          threadlocal="true"
          valuestr=""/>
   <function assettype="Create" authtype="BASIC" batch="false" bearer="" desc=""
             downloadloc=""
             exposed="false"
             isdownload="false"
             method="POST"
             methodname="runCmd"
             name="removeUser"
             proxyenabled="false"
             public="false"
             rawbody="false"
             rawdata=""
             rawmediatype="TEXT"
             readtimeout="600"
             responsetype="TEXT"
             returntype="STRING"
             type="RestService"
             url="[SERVER_PROTOCOL]://[SERVER_IP]:[SERVER_PORT]/RuleServer/services/del_user"
             username=""
             writetimeout="600">
      <param datatype="STRING" help="username"/>
      <password algo="md5" password="" usepwdman="true"/>
      <header key="token" value="[token]"/>
      <body key="username" value="[username]"/>
      <reference name="token"/>
   </function>
   <function assettype="Create" authtype="BEARER" batch="false" bearer="[token]" desc=""
             downloadloc=""
             exposed="false"
             isdownload="false"
             method="POST"
             methodname="runCmd"
             name="setUserWorkgroup"
             proxyenabled="false"
             public="false"
             rawbody="false"
             rawdata=""
             rawmediatype="TEXT"
             readtimeout="600"
             responsetype="TEXT"
             returntype="STRING"
             type="RestService"
             url="[SERVER_PROTOCOL]://[SERVER_IP]:[SERVER_PORT]/RuleServer/services/set_user_workgroup"
             writetimeout="600">
      <param datatype="STRING" help="user"/>
      <param datatype="STRING" help="workgroup"/>
      <param datatype="BOOLEAN" help="inheritable"/>
      <body key="inheritable" value="[inheritable]"/>
      <body key="username" value="[user]"/>
      <body key="workgroupname" value="[workgroup]"/>
      <reference name="token"/>
   </function>
   <function assettype="Create" authtype="BEARER" batch="false" bearer="[token]" desc=""
             downloadloc=""
             exposed="false"
             isdownload="false"
             method="POST"
             methodname="runCmd"
             name="removeUserWorkgroup"
             proxyenabled="false"
             public="false"
             rawbody="false"
             rawdata=""
             rawmediatype="TEXT"
             readtimeout="600"
             responsetype="TEXT"
             returntype="STRING"
             type="RestService"
             url="[SERVER_PROTOCOL]://[SERVER_IP]:[SERVER_PORT]/RuleServer/services/del_user_workgroup"
             writetimeout="600">
      <param datatype="STRING" help="user"/>
      <param datatype="STRING" help="workgroup"/>
      <body key="username" value="[user]"/>
      <body key="workgroupname" value="[workgroup]"/>
      <reference name="token"/>
   </function>
   <function assettype="Create" authtype="BEARER" batch="false" bearer="[token]" desc=""
             downloadloc=""
             exposed="false"
             isdownload="false"
             method="POST"
             methodname="runCmd"
             name="setUserPassword"
             proxyenabled="false"
             public="false"
             rawbody="false"
             rawdata=""
             rawmediatype="TEXT"
             readtimeout="600"
             responsetype="TEXT"
             returntype="STRING"
             type="RestService"
             url="[SERVER_PROTOCOL]://[SERVER_IP]:[SERVER_PORT]/RuleServer/services/set_userpassword"
             writetimeout="600">
      <param datatype="STRING" help="user"/>
      <param datatype="STRING" help="password"/>
      <body key="password" value="[password]"/>
      <body key="username" value="[user]"/>
      <reference name="token"/>
   </function>
   <function assettype="Create" authtype="BEARER" batch="false" bearer="[token]" desc=""
             downloadloc=""
             exposed="false"
             isdownload="false"
             method="POST"
             methodname="runCmd"
             name="syncPasswords"
             proxyenabled="false"
             public="false"
             rawbody="false"
             rawdata=""
             rawmediatype="TEXT"
             readtimeout="600"
             responsetype="TEXT"
             returntype="STRING"
             type="RestService"
             url="[SERVER_PROTOCOL]://[SERVER_IP]:[SERVER_PORT]/RuleServer/services/sync_passwords"
             writetimeout="600">
      <param datatype="STRING" help="partition"/>
      <param datatype="STRING" help="properties"/>
      <body key="partition" value="[partition]"/>
      <body key="properties" value="[properties]"/>
      <reference name="token"/>
   </function>
   <function assettype="Create" authtype="BEARER" batch="false" bearer="[token]" desc=""
             downloadloc=""
             exposed="false"
             isdownload="false"
             method="POST"
             methodname="runCmd"
             name="syncParams"
             proxyenabled="false"
             public="false"
             rawbody="false"
             rawdata=""
             rawmediatype="TEXT"
             readtimeout="600"
             responsetype="TEXT"
             returntype="STRING"
             type="RestService"
             url="[SERVER_PROTOCOL]://[SERVER_IP]:[SERVER_PORT]/RuleServer/services/sync_params"
             writetimeout="600">
      <param datatype="STRING" help="partition"/>
      <param datatype="STRING" help="properties"/>
      <body key="partition" value="[partition]"/>
      <body key="properties" value="[properties]"/>
      <reference name="token"/>
   </function>
   <function assettype="Create" authtype="BEARER" batch="false" bearer="[token]" desc=""
             downloadloc=""
             exposed="false"
             isdownload="false"
             method="GET"
             methodname="runCmd"
             name="getParams"
             proxyenabled="false"
             public="false"
             rawbody="false"
             rawdata=""
             rawmediatype="TEXT"
             readtimeout="600"
             responsetype="TEXT"
             returntype="STRING"
             type="RestService"
             url="[SERVER_PROTOCOL]://[SERVER_IP]:[SERVER_PORT]/RuleServer/services/get_params?partition=[partition]"
             writetimeout="600">
      <param datatype="STRING" help="partition"/>
      <body key="properties" value="[properties]"/>
      <reference name="token"/>
   </function>
   <function assettype="Create" authtype="BEARER" batch="false" bearer="[token]" desc=""
             downloadloc=""
             exposed="false"
             isdownload="false"
             method="GET"
             methodname="runCmd"
             name="getPasswords"
             proxyenabled="false"
             public="false"
             rawbody="false"
             rawdata=""
             rawmediatype="TEXT"
             readtimeout="600"
             responsetype="TEXT"
             returntype="STRING"
             type="RestService"
             url="[SERVER_PROTOCOL]://[SERVER_IP]:[SERVER_PORT]/RuleServer/services/get_passwords?partition=[partition]"
             writetimeout="600">
      <param datatype="STRING" help="partition"/>
      <body key="properties" value="[properties]"/>
      <reference name="token"/>
   </function>
   <function assettype="Create" authtype="BEARER" batch="false" bearer="[token]" desc=""
             downloadloc=""
             exposed="false"
             isdownload="false"
             method="POST"
             methodname="runCmd"
             name="setParam"
             proxyenabled="false"
             public="false"
             rawbody="false"
             rawdata=""
             rawmediatype="TEXT"
             readtimeout="600"
             responsetype="TEXT"
             returntype="STRING"
             type="RestService"
             url="[SERVER_PROTOCOL]://[SERVER_IP]:[SERVER_PORT]/RuleServer/services/set_param"
             writetimeout="600">
      <param datatype="STRING" help="partition"/>
      <param datatype="STRING" help="name"/>
      <param datatype="STRING" help="value"/>
      <body key="name" value="[name]"/>
      <body key="partition" value="[partition]"/>
      <body key="value" value="[value]"/>
      <reference name="token"/>
   </function>
   <function assettype="Create" authtype="BEARER" batch="false" bearer="[token]" desc=""
             downloadloc=""
             exposed="false"
             isdownload="false"
             method="POST"
             methodname="runCmd"
             name="setPassword"
             proxyenabled="false"
             public="false"
             rawbody="false"
             rawdata=""
             rawmediatype="TEXT"
             readtimeout="600"
             responsetype="TEXT"
             returntype="STRING"
             type="RestService"
             url="[SERVER_PROTOCOL]://[SERVER_IP]:[SERVER_PORT]/RuleServer/services/set_password"
             writetimeout="600">
      <param datatype="STRING" help="partition"/>
      <param datatype="STRING" help="name"/>
      <param datatype="STRING" help="value"/>
      <body key="name" value="[name]"/>
      <body key="partition" value="[partition]"/>
      <body key="value" value="[value]"/>
      <reference name="token"/>
   </function>
   <function assettype="Create" authtype="BEARER" batch="false" bearer="[token]" desc=""
             downloadloc=""
             exposed="false"
             isdownload="false"
             method="POST"
             methodname="runCmd"
             name="removeParam"
             proxyenabled="false"
             public="false"
             rawbody="false"
             rawdata=""
             rawmediatype="TEXT"
             readtimeout="600"
             responsetype="TEXT"
             returntype="STRING"
             type="RestService"
             url="[SERVER_PROTOCOL]://[SERVER_IP]:[SERVER_PORT]/RuleServer/services/del_param"
             writetimeout="600">
      <param datatype="STRING" help="partition"/>
      <param datatype="STRING" help="name"/>
      <body key="name" value="[name]"/>
      <body key="partition" value="[partition]"/>
      <reference name="token"/>
   </function>
   <function assettype="Create" authtype="BEARER" batch="false" bearer="[token]" desc=""
             downloadloc=""
             exposed="false"
             isdownload="false"
             method="POST"
             methodname="runCmd"
             name="removePassword"
             proxyenabled="false"
             public="false"
             rawbody="false"
             rawdata=""
             rawmediatype="TEXT"
             readtimeout="600"
             responsetype="TEXT"
             returntype="STRING"
             type="RestService"
             url="[SERVER_PROTOCOL]://[SERVER_IP]:[SERVER_PORT]/RuleServer/services/del_password"
             writetimeout="600">
      <param datatype="STRING" help="partition"/>
      <param datatype="STRING" help="name"/>
      <body key="name" value="[name]"/>
      <body key="partition" value="[partition]"/>
      <reference name="token"/>
   </function>
   <function assettype="Create" authtype="BEARER" batch="false" bearer="[token]" desc=""
             downloadloc=""
             exposed="false"
             isdownload="false"
             method="POST"
             methodname="runCmd"
             name="addLdapUser"
             proxyenabled="false"
             public="false"
             rawbody="false"
             rawdata=""
             rawmediatype="TEXT"
             readtimeout="600"
             responsetype="TEXT"
             returntype="STRING"
             type="RestService"
             url="[SERVER_PROTOCOL]://[SERVER_IP]:[SERVER_PORT]/RuleServer/services/add_ldapuser"
             writetimeout="600">
      <param datatype="STRING" help="username"/>
      <param datatype="STRING" help="ldapurl"/>
      <param datatype="STRING" help="ldapmethod"/>
      <param datatype="STRING" help="ldapdomain"/>
      <body key="domain" value="[ldapdomain]"/>
      <body key="method" value="[ldapmethod]"/>
      <body key="url" value="[ldapurl]"/>
      <body key="username" value="[username]"/>
      <reference name="token"/>
   </function>
   <function assettype="Create" authtype="BEARER" batch="false" bearer="[token]" desc=""
             downloadloc=""
             exposed="false"
             isdownload="false"
             method="POST"
             methodname="runCmd"
             name="setLdapUser"
             proxyenabled="false"
             public="false"
             rawbody="false"
             rawdata=""
             rawmediatype="TEXT"
             readtimeout="600"
             responsetype="TEXT"
             returntype="STRING"
             type="RestService"
             url="[SERVER_PROTOCOL]://[SERVER_IP]:[SERVER_PORT]/RuleServer/services/set_userldapprops"
             writetimeout="600">
      <param datatype="STRING" help="username"/>
      <param datatype="STRING" help="ldapurl"/>
      <param datatype="STRING" help="ldapmethod"/>
      <param datatype="STRING" help="ldapdomain"/>
      <body key="domain" value="[ldapdomain]"/>
      <body key="method" value="[ldapmethod]"/>
      <body key="url" value="[ldapurl]"/>
      <body key="username" value="[username]"/>
      <reference name="token"/>
   </function>
   <function assettype="Create" authtype="BEARER" batch="false" bearer="[token]" desc=""
             downloadloc=""
             exposed="false"
             isdownload="false"
             method="POST"
             methodname="runCmd"
             name="setSetting"
             proxyenabled="false"
             public="false"
             rawbody="false"
             rawdata=""
             rawmediatype="TEXT"
             readtimeout="600"
             responsetype="TEXT"
             returntype="STRING"
             type="RestService"
             url="[SERVER_PROTOCOL]://[SERVER_IP]:[SERVER_PORT]/RuleServer/services/set_setting"
             writetimeout="600">
      <param datatype="STRING" help="partition"/>
      <param datatype="STRING" help="name"/>
      <param datatype="STRING" help="value"/>
      <body key="name" value="[name]"/>
      <body key="partition" value="[partition]"/>
      <body key="value" value="[value]"/>
      <reference name="token"/>
   </function>
   <function assettype="Create" authtype="BEARER" batch="false" bearer="[token]" desc=""
             downloadloc=""
             exposed="false"
             isdownload="false"
             method="GET"
             methodname="runCmd"
             name="getSettings"
             proxyenabled="false"
             public="false"
             rawbody="false"
             rawdata=""
             rawmediatype="TEXT"
             readtimeout="600"
             responsetype="TEXT"
             returntype="STRING"
             type="RestService"
             url="[SERVER_PROTOCOL]://[SERVER_IP]:[SERVER_PORT]/RuleServer/services/get_settings?partition=[partition]"
             writetimeout="600">
      <param datatype="STRING" help="partition"/>
      <body key="properties" value="[properties]"/>
      <reference name="token"/>
   </function>
   <function assettype="Create" authtype="BEARER" batch="false" bearer="[token]" desc=""
             downloadloc=""
             exposed="false"
             isdownload="false"
             method="POST"
             methodname="runCmd"
             name="setUserParent"
             proxyenabled="false"
             public="false"
             rawbody="false"
             rawdata=""
             rawmediatype="TEXT"
             readtimeout="600"
             responsetype="TEXT"
             returntype="STRING"
             type="RestService"
             url="[SERVER_PROTOCOL]://[SERVER_IP]:[SERVER_PORT]/RuleServer/services/set_userparent"
             writetimeout="600">
      <param datatype="STRING" help="username"/>
      <param datatype="STRING" help="parent"/>
      <body key="parent" value="[parent]"/>
      <body key="username" value="[username]"/>
      <reference name="token"/>
   </function>
   <function assettype="Create" authtype="BEARER" batch="false" bearer="[token]" desc=""
             downloadloc=""
             exposed="false"
             isdownload="false"
             method="POST"
             methodname="runCmd"
             name="createPartition"
             proxyenabled="false"
             public="false"
             rawbody="false"
             rawdata=""
             rawmediatype="TEXT"
             readtimeout="600"
             responsetype="TEXT"
             returntype="STRING"
             type="RestService"
             url="[SERVER_PROTOCOL]://[SERVER_IP]:[SERVER_PORT]/RuleServer/services/create_partition"
             writetimeout="600">
      <param datatype="STRING" help="partition"/>
      <body key="partition" value="[partition]"/>
      <reference name="token"/>
   </function>
   <function assettype="Create" authtype="BEARER" batch="false" bearer="[token]" desc=""
             downloadloc=""
             exposed="false"
             isdownload="false"
             method="DELETE"
             methodname="runCmd"
             name="removePartition"
             proxyenabled="false"
             public="false"
             rawbody="false"
             rawdata=""
             rawmediatype="TEXT"
             readtimeout="600"
             responsetype="TEXT"
             returntype="STRING"
             type="RestService"
             url="[SERVER_PROTOCOL]://[SERVER_IP]:[SERVER_PORT]/RuleServer/services/remove_partition"
             writetimeout="600">
      <param datatype="STRING" help="partition"/>
      <body key="partition" value="[partition]"/>
      <reference name="token"/>
   </function>
   <function assettype="Create" authtype="BEARER" batch="false" bearer="[token]" desc=""
             downloadloc=""
             exposed="false"
             isdownload="false"
             method="GET"
             methodname="runCmd"
             name="listPartitions"
             proxyenabled="false"
             public="false"
             rawbody="false"
             rawdata=""
             rawmediatype="TEXT"
             readtimeout="600"
             responsetype="TEXT"
             returntype="STRING"
             type="RestService"
             url="[SERVER_PROTOCOL]://[SERVER_IP]:[SERVER_PORT]/RuleServer/services/list_partitions"
             writetimeout="600">
      <body key="partition" value="[partition]"/>
      <reference name="token"/>
   </function>
   <function assettype="Create" authtype="BEARER" batch="false" bearer="[token]" desc=""
             downloadloc=""
             exposed="false"
             isdownload="false"
             method="POST"
             methodname="runCmd"
             name="addUser"
             proxyenabled="false"
             public="false"
             rawbody="false"
             rawdata=""
             rawmediatype="TEXT"
             readtimeout="600"
             responsetype="TEXT"
             returntype="STRING"
             type="RestService"
             url="[SERVER_PROTOCOL]://[SERVER_IP]:[SERVER_PORT]/RuleServer/services/add_user"
             writetimeout="600">
      <param datatype="STRING" help="username"/>
      <param datatype="STRING" help="password"/>
      <body key="password" value="[password]"/>
      <body key="username" value="[username]"/>
      <reference name="token"/>
      <reference name="UserName"/>
   </function>
   <function assettype="Create" authtype="BEARER" batch="false" bearer="[token]" desc=""
             downloadloc=""
             exposed="false"
             isdownload="false"
             method="GET"
             methodname="runCmd"
             name="partitionExists"
             proxyenabled="false"
             public="false"
             rawbody="false"
             rawdata=""
             rawmediatype="TEXT"
             readtimeout="600"
             responsetype="TEXT"
             returntype="STRING"
             type="RestService"
             url="[SERVER_PROTOCOL]://[SERVER_IP]:[SERVER_PORT]/RuleServer/services/partition_exists?partition=[partition]"
             writetimeout="600">
      <param datatype="STRING" help="partition"/>
      <body key="partition" value="[partition]"/>
      <reference name="token"/>
   </function>
   <function assettype="Create" authtype="BEARER" batch="false" bearer="[token]" desc=""
             downloadloc=""
             exposed="false"
             isdownload="false"
             method="GET"
             methodname="runCmd"
             name="getWebhooks"
             proxyenabled="false"
             public="false"
             rawbody="false"
             rawdata=""
             rawmediatype="TEXT"
             readtimeout="600"
             responsetype="TEXT"
             returntype="STRING"
             type="RestService"
             url="[SERVER_PROTOCOL]://[SERVER_IP]:[SERVER_PORT]/RuleServer/services/[engine]/events/[event]"
             writetimeout="600">
      <param datatype="STRING" help="engine"/>
      <param datatype="STRING" help="event"/>
      <body key="properties" value="[properties]"/>
      <reference name="token"/>
   </function>
   <function assettype="Create" authtype="BEARER" batch="false" bearer="[token]" desc=""
             downloadloc=""
             exposed="false"
             isdownload="false"
             method="POST"
             methodname="runCmd"
             name="setWebhook"
             proxyenabled="false"
             public="false"
             rawbody="false"
             rawdata=""
             rawmediatype="TEXT"
             readtimeout="600"
             responsetype="TEXT"
             returntype="STRING"
             type="RestService"
             url="[SERVER_PROTOCOL]://[SERVER_IP]:[SERVER_PORT]/RuleServer/services/[engine]/events/[event]"
             writetimeout="600">
      <param datatype="STRING" help="name"/>
      <param datatype="STRING" help="url"/>
      <param datatype="STRING" help="engine"/>
      <param datatype="STRING" help="event"/>
      <param datatype="STRING" help="secret"/>
      <body key="auth" value="Bearer [token]"/>
      <body key="name" value="[name]"/>
      <body key="secret" value="[secret]"/>
      <body key="url" value="[url]"/>
      <reference name="token"/>
   </function>
   <function assettype="Create" authtype="BEARER" batch="false" bearer="[token]" desc=""
             downloadloc=""
             exposed="false"
             isdownload="false"
             method="DELETE"
             methodname="runCmd"
             name="deleteWebhook"
             proxyenabled="false"
             public="false"
             rawbody="false"
             rawdata=""
             rawmediatype="TEXT"
             readtimeout="600"
             responsetype="TEXT"
             returntype="STRING"
             type="RestService"
             url="[SERVER_PROTOCOL]://[SERVER_IP]:[SERVER_PORT]/RuleServer/services/[engine]/events/[event]"
             writetimeout="600">
      <param datatype="STRING" help="engine"/>
      <param datatype="STRING" help="event"/>
      <param datatype="STRING" help="name"/>
      <body key="name" value="[name]"/>
      <reference name="token"/>
   </function>
   <function assettype="Create" authtype="BEARER" batch="false" bearer="[token]" desc=""
             downloadloc=""
             exposed="false"
             isdownload="false"
             method="GET"
             methodname="runCmd"
             name="getWebhookEvents"
             proxyenabled="false"
             public="false"
             rawbody="false"
             rawdata=""
             rawmediatype="TEXT"
             readtimeout="600"
             responsetype="TEXT"
             returntype="STRING"
             type="RestService"
             url="[SERVER_PROTOCOL]://[SERVER_IP]:[SERVER_PORT]/RuleServer/services/[engine]/events"
             writetimeout="600">
      <param datatype="STRING" help="engine"/>
      <reference name="token"/>
   </function>
   <action assettype="Create" batch="false" desc="Sets value of field token"
           exposed="false"
           field="token"
           methodname="runCmd"
           name="token ="
           public="false"
           responsetype="TEXT"
           type="Setter">
      <param datatype="STRING" help="Value of the field token"/>
   </action>
   <connector assettype="Create" batch="false" classlocation="[PostgreSQL_DRIVER_LOCATION]"
              connname="TRUEBYL"
              conntype="DBLINK"
              dbtype="POSTGRESQL"
              desc=""
              driverclassname="org.postgresql.Driver"
              engine="dbconnectionpool"
              exposed="false"
              initialpoolsize="1"
              maxpoolsize="-1"
              name="partner_DB_Connector@dblink"
              public="false"
              responsetype="TEXT"
              url="[PostgreSQL_CONNECTION_STRING]"
              usemaxpoolsize="false"
              username="[partner_DB_USERNAME]"
              xadsclassname="org.postgresql.xa.PGXADataSource">
      <password algo="md5" password="partner_DB_PASSWORD" usepwdman="true"/>
   </connector>
   <field assettype="Create" batch="false" datatype="STRING" desc="" encrypted="false"
          exposed="false"
          fieldtype="USER"
          name="PartitionId"
          public="false"
          responsetype="TEXT"
          threadlocal="true"
          valuestr=""/>
   <field assettype="Create" batch="false" datatype="STRING" desc="" encrypted="false"
          exposed="false"
          fieldtype="USER"
          name="LogMessage"
          public="false"
          responsetype="TEXT"
          threadlocal="true"
          valuestr=""/>
   <field assettype="Create" batch="false" datatype="STRING" desc="" encrypted="false"
          exposed="false"
          fieldtype="USER"
          name="EngineName"
          public="false"
          responsetype="TEXT"
          threadlocal="false"
          valuestr="AdminService"/>
   <action assettype="Create" batch="false" desc="Sets value of field LogMessage"
           exposed="false"
           field="LogMessage"
           methodname="runCmd"
           name="LogMessage ="
           public="false"
           responsetype="TEXT"
           type="Setter">
      <param datatype="STRING" help="Value of the field LogMessage"/>
   </action>
   <datasource assettype="Create" batch="false" delim="|" desc="" dstype="DelimitedFile"
               exposed="false"
               ispath="true"
               name="ds_getDBObjects"
               public="false"
               responsetype="TEXT"
               sourceexp="[DB_OBJECT_FILE_PATH]"
               startoffset="0"
               volatile="true">
      <column name="DML_QUERY"/>
   </datasource>
   <field assettype="Create" batch="false" datasource="ds_getDBObjects" datatype="STRING"
          desc=""
          element="DML_QUERY"
          exposed="false"
          fieldtype="DATASRC"
          name="ds_getDBObjects.DML_QUERY"
          public="false"
          responsetype="TEXT"
          threadlocal="true"/>
   <action assettype="Create" batch="false" datasource="ds_getDBObjects"
           desc="This action releases thread specific cursors or resultsets. This is safe to use in a multi threaded processing scenario as the impact is limited to calling thread."
           exposed="false"
           methodname="runCmd"
           name="ds_getDBObjects.Refresh"
           public="false"
           responsetype="TEXT"
           type="RefreshDS"/>
   <action assettype="Create" batch="false" connector="partner_DB_Connector@dblink"
           desc="Execute the DML query as represented by the passed expression"
           exposed="false"
           methodname="executeDML"
           name="partner_DB_Connector.DML"
           public="false"
           responsetype="TEXT"
           type="DML">
      <param datatype="STRING" help="DML Query"/>
   </action>
   <field assettype="Create" batch="false" datatype="STRING" desc="" encrypted="false"
          exposed="false"
          fieldtype="USER"
          name="APIName"
          public="false"
          responsetype="TEXT"
          threadlocal="true"
          valuestr=""/>
   <field assettype="Create" batch="false" datatype="STRING" desc="" encrypted="false"
          exposed="false"
          fieldtype="USER"
          name="LogLevel"
          public="false"
          responsetype="TEXT"
          threadlocal="true"
          valuestr=""/>
   <connector assettype="Create" batch="false" childfirst="false"
              classloc="C:\Users\abhra/PAREExportBundles/AdminService/lib/truebyllibrary.jar"
              classname="com.filelogger.FileLogger"
              conntype="CLASS"
              desc=""
              exposed="false"
              itype="Singleton"
              name="Connector_Logger"
              public="false"
              responsetype="TEXT"
              username="">
      <password algo="md5" password="" usepwdman="true"/>
   </connector>
   <field assettype="Create" batch="false" datatype="STRING" desc="" encrypted="false"
          exposed="false"
          fieldtype="USER"
          name="DEFAULT_USER"
          public="false"
          responsetype="TEXT"
          threadlocal="false"
          valuestr="admin"/>
   <field assettype="Create" batch="false" datatype="STRING" desc="" encrypted="false"
          exposed="false"
          fieldtype="USER"
          name="DEFAULT_PWD"
          public="false"
          responsetype="TEXT"
          threadlocal="false"
          valuestr="default"/>
   <function assettype="Create" batch="false" desc="" exposed="false" methodname="runCmd"
             name="script_fnc_getToken"
             public="false"
             responsetype="TEXT"
             returntype="STRING"
             type="Script">
      <script scripttype="Javascript">str = contextHttpHeader.call("Authorization");
token = getToken.call(str,"Bearer",1);
token;</script>
      <reference name="getToken"/>
      <reference name="contextHttpHeader"/>
   </function>
   <datasource assettype="Create" batch="false" connector="partner_DB_Connector@dblink"
               desc=""
               dstype="QueryString"
               exposed="false"
               expression="SELECT NEXTVAL('PARTITIONID_SEQ') AS PID"
               fetchsize="16"
               name="ds_getPartitionSeq"
               public="false"
               responsetype="TEXT"
               volatile="true"/>
   <field assettype="Create" batch="false" datasource="ds_getPartitionSeq"
          datatype="LONG"
          desc=""
          element="pid"
          exposed="false"
          fieldtype="DATASRC"
          name="ds_getPartitionSeq.pid"
          public="false"
          responsetype="TEXT"
          threadlocal="true"/>
   <action assettype="Create" batch="false" datasource="ds_getPartitionSeq"
           desc="This action releases thread specific cursors or resultsets. This is safe to use in a multi threaded processing scenario as the impact is limited to calling thread."
           exposed="false"
           methodname="runCmd"
           name="ds_getPartitionSeq.Refresh"
           public="false"
           responsetype="TEXT"
           type="RefreshDS"/>
   <action assettype="Create" batch="false" classconnector="Connector_Logger"
           desc="Action writeLine2 of Class Connector_Logger"
           exposed="false"
           methodname="writeLine2"
           name="Connector_Logger.writeLine2"
           public="false"
           responsetype="TEXT"
           type="Custom">
      <param datatype="STRING" help="arg0"/>
      <param datatype="STRING" help="arg1"/>
      <param datatype="STRING" help="arg2"/>
   </action>
   <field assettype="Create" batch="false" datatype="STRING" desc="" encrypted="false"
          exposed="false"
          fieldtype="USER"
          name="Roles"
          public="false"
          responsetype="TEXT"
          threadlocal="true"
          valuestr=""/>
   <action assettype="Create" batch="false" desc="Sets value of field Roles"
           exposed="false"
           field="Roles"
           methodname="runCmd"
           name="Roles ="
           public="false"
           responsetype="TEXT"
           type="Setter">
      <param datatype="STRING" help="Value of the field Roles"/>
   </action>
   <field assettype="Create" batch="false" datatype="STRING" desc="" encrypted="false"
          exposed="false"
          fieldtype="USER"
          name="API_Response"
          public="false"
          responsetype="TEXT"
          threadlocal="true"
          valuestr=""/>
   <action assettype="Create" batch="false" desc="" exposed="false" methodname="runCmd"
           name="script_act_retrieveDefaultPassword"
           public="false"
           responsetype="TEXT"
           type="Script">
      <script scripttype="Javascript">var password = getPasswords.call("default");
var obj = JSON.parse(password);
var str = decrypt.call(obj["SMTP_email_password"]);
v_API_Response.set(str);</script>
      <reference name="decrypt"/>
      <reference name="getPasswords"/>
      <reference name="API_Response"/>
   </action>
   <action assettype="Create" batch="false" desc="Sets value of field API_Response"
           exposed="false"
           field="API_Response"
           methodname="runCmd"
           name="API_Response ="
           public="false"
           responsetype="TEXT"
           type="Setter">
      <param datatype="STRING" help="Value of the field API_Response"/>
   </action>
   <action assettype="Create" batch="false" desc="Sets value of field APIName"
           exposed="false"
           field="APIName"
           methodname="runCmd"
           name="APIName ="
           public="false"
           responsetype="TEXT"
           type="Setter">
      <param datatype="STRING" help="Value of the field APIName"/>
   </action>
   <action assettype="Create" batch="false" desc="Sets value of field LogLevel"
           exposed="false"
           field="LogLevel"
           methodname="runCmd"
           name="LogLevel ="
           public="false"
           responsetype="TEXT"
           type="Setter">
      <param datatype="STRING" help="Value of the field LogLevel"/>
   </action>
   <action assettype="Create" batch="false" desc="Sets value of field PartitionId"
           exposed="false"
           field="PartitionId"
           methodname="runCmd"
           name="PartitionId ="
           public="false"
           responsetype="TEXT"
           type="Setter">
      <param datatype="STRING" help="Value of the field PartitionId"/>
   </action>
   <action assettype="Create" batch="false" desc="" exposed="true" handleerror="true"
           methodname="runCmd"
           name="removePAREUserWorkgroup"
           public="false"
           responsetype="TEXT"
           type="OnError">
      <param datatype="STRING" help="User"/>
      <param datatype="STRING" help="Workgroup"/>
      <normalaction name="token =" params="{script_fnc_getToken()}"/>
      <normalaction name="API_Response =" params="{removeUserWorkgroup([User], [Workgroup])}"/>
      <erroraction name="LogMessage =" params="Error:Removing PARE user workgroup"/>
      <erroraction name="nullout"
                   params="{Connector_Logger.writeLine2([EngineName],[LogMessage],[PARTITION_ID])}"/>
      <erroraction name="nullout"
                   params="{Connector_Logger.writeLine2([EngineName],{Builtin.getLastErrorStack()},[PARTITION_ID])}"/>
      <erroraction name="exception" params="&lt;&lt;&lt;[LogMessage]&gt;&gt;&gt;"/>
      <reference name="script_fnc_getToken"/>
      <reference name="removeUserWorkgroup"/>
      <reference name="Connector_Logger.writeLine2"/>
      <reference name="EngineName"/>
      <reference name="LogMessage"/>
      <reference name="getLastErrorStack"/>
   </action>
   <field assettype="Create" batch="false" datatype="STRING" desc="" encrypted="false"
          exposed="false"
          fieldtype="USER"
          name="AdminUser"
          public="false"
          responsetype="TEXT"
          threadlocal="true"
          valuestr=""/>
   <action assettype="Create" batch="false" desc="Sets value of field AdminUser"
           exposed="false"
           field="AdminUser"
           methodname="runCmd"
           name="AdminUser ="
           public="false"
           responsetype="TEXT"
           type="Setter">
      <param datatype="STRING" help="Value of the field AdminUser"/>
   </action>
   <action assettype="Create" batch="false" desc="" exposed="false" handleerror="true"
           methodname="runCmd"
           name="grant_privilege_sequences"
           public="false"
           responsetype="TEXT"
           type="OnError">
      <param datatype="STRING" help="PartitionId"/>
      <normalaction name="partner_DB_Connector.DML"
                    params="GRANT ALL PRIVILEGES ON ALL SEQUENCES IN SCHEMA [PartitionId] TO [PartitionId]"/>
      <erroraction name="LogLevel =" params="Error:"/>
      <erroraction name="APIName =" params="create_company()::grant_privilege_sequences:"/>
      <erroraction name="LogMessage =" params="Granting privileges on sequences"/>
      <erroraction name="nullout"
                   params="{Connector_Logger.writeLine2([EngineName],[LogLevel][APIName][LogMessage],[PARTITION_ID])}"/>
      <erroraction name="nullout"
                   params="{Connector_Logger.writeLine2([EngineName],[LogLevel][APIName]{Builtin.getLastErrorStack()},[PARTITION_ID])}"/>
      <erroraction name="exception" params="&lt;&lt;&lt;[LogLevel][LogMessage]&gt;&gt;&gt;"/>
      <reference name="PartitionId"/>
      <reference name="Connector_Logger.writeLine2"/>
      <reference name="EngineName"/>
      <reference name="LogLevel"/>
      <reference name="APIName"/>
      <reference name="LogMessage"/>
      <reference name="getLastErrorStack"/>
   </action>
   <function asset="generateLoginToken" assettype="Create" batch="false" callmethod="POST"
             desc=""
             engine="UserService"
             exposed="false"
             host="[SERVER_IP]"
             methodname="runCmd"
             name="al_UserService.generateLoginToken"
             port="[SERVER_PORT]"
             protocol="[SERVER_PROTOCOL]"
             public="false"
             publicapi="true"
             responsetype="TEXT"
             returntype="STRING"
             safctxobjname=""
             safctxobjvalue=""
             token=""
             type="ServerAsset">
      <param datatype="STRING" help="UserName"/>
      <param datatype="STRING" help="Password"/>
   </function>
   <action assettype="Create" batch="false" desc="" exposed="false" handleerror="true"
           methodname="runCmd"
           name="grant_privilege_tables"
           public="false"
           responsetype="TEXT"
           type="OnError">
      <param datatype="STRING" help="PartitionId"/>
      <normalaction name="partner_DB_Connector.DML"
                    params="GRANT ALL PRIVILEGES ON ALL TABLES IN SCHEMA [PartitionId] TO [PartitionId]"/>
      <erroraction name="LogLevel =" params="Error:"/>
      <erroraction name="APIName =" params="create_company()::grant_privilege_tables:"/>
      <erroraction name="LogMessage =" params="Granting privileges on tables"/>
      <erroraction name="nullout"
                   params="{Connector_Logger.writeLine2([EngineName],[LogLevel][APIName][LogMessage],[PARTITION_ID])}"/>
      <erroraction name="nullout"
                   params="{Connector_Logger.writeLine2([EngineName],[LogLevel][APIName]{Builtin.getLastErrorStack()},[PARTITION_ID])}"/>
      <erroraction name="exception" params="&lt;&lt;&lt;[LogLevel][LogMessage]&gt;&gt;&gt;"/>
      <reference name="PartitionId"/>
      <reference name="Connector_Logger.writeLine2"/>
      <reference name="EngineName"/>
      <reference name="LogLevel"/>
      <reference name="APIName"/>
      <reference name="LogMessage"/>
      <reference name="getLastErrorStack"/>
   </action>
   <field assettype="Create" batch="false" datatype="STRING" desc="" encrypted="false"
          exposed="false"
          fieldtype="USER"
          name="PartnerToken"
          public="false"
          responsetype="TEXT"
          threadlocal="true"
          valuestr=""/>
   <action assettype="Create" batch="false" desc="Sets value of field PartnerToken"
           exposed="false"
           field="PartnerToken"
           methodname="runCmd"
           name="PartnerToken ="
           public="false"
           responsetype="TEXT"
           type="Setter">
      <param datatype="STRING" help="Value of the field PartnerToken"/>
   </action>
   <function assettype="Create" authtype="NONE" batch="false" bearer="" desc=""
             downloadloc=""
             exposed="false"
             isdownload="false"
             method="POST"
             methodname="runCmd"
             name="rc_BillGen.seq_BillCronJob"
             proxyenabled="false"
             public="false"
             rawbody="false"
             rawdata=""
             rawmediatype="TEXT"
             readtimeout="600"
             responsetype="TEXT"
             returntype="STRING"
             type="RestService"
             url="[SERVER_PROTOCOL]://[SERVER_IP]:[SERVER_PORT]/RuleServer/services/BillGen/assets/seq_BillCronJob"
             writetimeout="600">
      <header key="Authorization" value="Bearer [PartnerToken]"/>
      <reference name="PartnerToken"/>
   </function>
   <function assettype="Create" authtype="NONE" batch="false" bearer="" desc=""
             downloadloc=""
             exposed="false"
             isdownload="false"
             method="POST"
             methodname="runCmd"
             name="rc_BillGen.seq_EligibilityCronJob"
             proxyenabled="false"
             public="false"
             rawbody="false"
             rawdata=""
             rawmediatype="TEXT"
             readtimeout="600"
             responsetype="TEXT"
             returntype="STRING"
             type="RestService"
             url="[SERVER_PROTOCOL]://[SERVER_IP]:[SERVER_PORT]/RuleServer/services/BillGen/assets/seq_EligibilityCronJob"
             writetimeout="600">
      <header key="Authorization" value="Bearer [PartnerToken]"/>
      <reference name="PartnerToken"/>
   </function>
   <function assettype="Create" authtype="NONE" batch="false" bearer="" desc=""
             downloadloc=""
             exposed="false"
             isdownload="false"
             method="POST"
             methodname="runCmd"
             name="rc_BillPost.seq_BillPostCronJob"
             proxyenabled="false"
             public="false"
             rawbody="false"
             rawdata=""
             rawmediatype="TEXT"
             readtimeout="600"
             responsetype="TEXT"
             returntype="STRING"
             type="RestService"
             url="[SERVER_PROTOCOL]://[SERVER_IP]:[SERVER_PORT]/RuleServer/services/BillPost/assets/seq_BillPostCronJob"
             writetimeout="600">
      <header key="Authorization" value="Bearer [PartnerToken]"/>
      <reference name="PartnerToken"/>
   </function>
   <function assettype="Create" authtype="NONE" batch="false" bearer="" desc=""
             downloadloc=""
             exposed="false"
             isdownload="false"
             method="POST"
             methodname="runCmd"
             name="rc_Email.seq_sendEmailCronJob"
             proxyenabled="false"
             public="false"
             rawbody="false"
             rawdata=""
             rawmediatype="TEXT"
             readtimeout="600"
             responsetype="TEXT"
             returntype="STRING"
             type="RestService"
             url="[SERVER_PROTOCOL]://[SERVER_IP]:[SERVER_PORT]/RuleServer/services/Email/assets/seq_sendEmailCronJob"
             writetimeout="600">
      <header key="Authorization" value="Bearer [PartnerToken]"/>
      <reference name="PartnerToken"/>
   </function>
   <function assettype="Create" authtype="NONE" batch="false" bearer="" desc=""
             downloadloc=""
             exposed="false"
             isdownload="false"
             method="POST"
             methodname="runCmd"
             name="rc_Ledger.seq_postTransactionCronJob"
             proxyenabled="false"
             public="false"
             rawbody="false"
             rawdata=""
             rawmediatype="TEXT"
             readtimeout="600"
             responsetype="TEXT"
             returntype="STRING"
             type="RestService"
             url="[SERVER_PROTOCOL]://[SERVER_IP]:[SERVER_PORT]/RuleServer/services/Ledger/assets/seq_postTransactionCronJob"
             writetimeout="600">
      <header key="Authorization" value="Bearer [PartnerToken]"/>
      <reference name="PartnerToken"/>
   </function>
   <function assettype="Create" authtype="NONE" batch="false" bearer="" desc=""
             downloadloc=""
             exposed="false"
             isdownload="false"
             method="POST"
             methodname="runCmd"
             name="rc_Email.seq_bounceMailCronJob"
             proxyenabled="false"
             public="false"
             rawbody="false"
             rawdata=""
             rawmediatype="TEXT"
             readtimeout="600"
             responsetype="TEXT"
             returntype="STRING"
             type="RestService"
             url="[SERVER_PROTOCOL]://[SERVER_IP]:[SERVER_PORT]/RuleServer/services/Email/assets/seq_bounceMailCronJob"
             writetimeout="600">
      <header key="Authorization" value="Bearer [PartnerToken]"/>
      <reference name="PartnerToken"/>
   </function>
   <function assettype="Create" authtype="NONE" batch="false" bearer="" desc=""
             downloadloc=""
             exposed="false"
             isdownload="false"
             method="POST"
             methodname="runCmd"
             name="rc_Dunning.seq_activateDunningCronJob"
             proxyenabled="false"
             public="false"
             rawbody="false"
             rawdata=""
             rawmediatype="TEXT"
             readtimeout="600"
             responsetype="TEXT"
             returntype="STRING"
             type="RestService"
             url="[SERVER_PROTOCOL]://[SERVER_IP]:[SERVER_PORT]/RuleServer/services/Dunning/assets/seq_activateDunningCronJob"
             writetimeout="600">
      <header key="Authorization" value="Bearer [PartnerToken]"/>
      <reference name="PartnerToken"/>
   </function>
   <function assettype="Create" authtype="NONE" batch="false" bearer="" desc=""
             downloadloc=""
             exposed="false"
             isdownload="false"
             method="POST"
             methodname="runCmd"
             name="rc_PDFGen.seq_DocGenCronJob"
             proxyenabled="false"
             public="false"
             rawbody="false"
             rawdata=""
             rawmediatype="TEXT"
             readtimeout="600"
             responsetype="TEXT"
             returntype="STRING"
             type="RestService"
             url="[SERVER_PROTOCOL]://[SERVER_IP]:[SERVER_PORT]/RuleServer/services/PDFGen/assets/seq_DocGenCronJob"
             writetimeout="600">
      <header key="Authorization" value="Bearer [PartnerToken]"/>
      <reference name="PartnerToken"/>
   </function>
   <action assettype="Update" batch="false" desc="" exposed="true" handleerror="true"
           methodname="runCmd"
           name="setPAREUserWorkgroup"
           public="false"
           responsetype="TEXT"
           type="OnError">
      <param datatype="STRING" help="User"/>
      <param datatype="STRING" help="Workgroup"/>
      <param datatype="STRING" help="Inheritable"/>
      <normalaction name="token =" params="{script_fnc_getToken()}"/>
      <normalaction name="API_Response ="
                    params="{setUserWorkgroup([User], [Workgroup], [Inheritable])}"/>
      <erroraction name="LogMessage =" params="Error in setting PARE user workgroup"/>
      <erroraction name="nullout"
                   params="{Connector_Logger.writeLine2([EngineName],[LogMessage],[PARTITION_ID])}"/>
      <erroraction name="nullout"
                   params="{Connector_Logger.writeLine2([EngineName],{Builtin.getLastErrorStack()},[PARTITION_ID])}"/>
      <erroraction name="exception" params="&lt;&lt;&lt;[LogMessage]&gt;&gt;&gt;"/>
      <reference name="script_fnc_getToken"/>
      <reference name="setUserWorkgroup"/>
      <reference name="Connector_Logger.writeLine2"/>
      <reference name="EngineName"/>
      <reference name="LogMessage"/>
      <reference name="getLastErrorStack"/>
   </action>
   <function assettype="Create" batch="false" desc="" exposed="false" methodname="runCmd"
             name="script_fnc_concatLogPath"
             public="false"
             responsetype="TEXT"
             returntype="STRING"
             type="Script">
      <param datatype="STRING" help="PartitionId"/>
      <script scripttype="Javascript">var loggerRoot = LOGGER_ROOT+"//";
var PartitionPath = loggerRoot + PartitionId;
PartitionPath;
</script>
   </function>
   <function assettype="Create" authtype="BEARER" batch="false" bearer="[token]" desc=""
             downloadloc=""
             exposed="false"
             isdownload="false"
             method="POST"
             methodname="runCmd"
             name="add_workgroup"
             proxyenabled="false"
             public="false"
             rawbody="false"
             rawdata=""
             rawmediatype="TEXT"
             readtimeout="600"
             responsetype="TEXT"
             returntype="STRING"
             type="RestService"
             url="[SERVER_PROTOCOL]://[SERVER_IP]:[SERVER_PORT]/RuleServer/services/add_workgroup?workgroupname=[WorkgroupName]"
             writetimeout="600">
      <param datatype="STRING" help="WorkgroupName"/>
      <body key="workgroupname" value="[WorkgroupName]"/>
      <reference name="token"/>
   </function>
   <function assettype="Create" authtype="BEARER" batch="false" bearer="[token]" desc=""
             downloadloc=""
             exposed="false"
             isdownload="false"
             method="POST"
             methodname="runCmd"
             name="setUserPartition"
             proxyenabled="false"
             public="false"
             rawbody="false"
             rawdata=""
             rawmediatype="TEXT"
             readtimeout="600"
             responsetype="TEXT"
             returntype="STRING"
             type="RestService"
             url="[SERVER_PROTOCOL]://[SERVER_IP]:[SERVER_PORT]/RuleServer/services/set_userpartition"
             writetimeout="600">
      <param datatype="STRING" help="username"/>
      <param datatype="STRING" help="partition"/>
      <body key="partition" value="[partition]"/>
      <body key="username" value="[username]"/>
      <reference name="token"/>
      <reference name="UserName"/>
   </function>
   <action assettype="Create" batch="false" breakonsuccess="false"
           desc="API to authenticate Admin user into Partner partition of PARE server"
           exposed="true"
           methodname="runCmd"
           name="createAdminUser"
           public="false"
           responsetype="TEXT"
           serialized="false"
           threadmode="false"
           type="Sequence">
      <param datatype="STRING" help="UserId"/>
      <param datatype="STRING" help="Password"/>
      <param datatype="STRING" help="PartitionId"/>
      <subscriber action="token =" params="{script_fnc_getToken()}"/>
      <subscriber action="nullout" params="{addUser([UserId],[Password])}"/>
      <subscriber action="nullout" params="{setUserPartition([UserId],[PartitionId])}"/>
      <subscriber action="nullout" params="{setUserWorkgroup([UserId],administrator,false)}"/>
      <reference name="script_fnc_getToken"/>
      <reference name="addUser"/>
      <reference name="setUserPartition"/>
      <reference name="PartitionId"/>
      <reference name="setUserWorkgroup"/>
   </action>
   <function assettype="Create" batch="false" desc="" exposed="true"
             expression="[API_Response]"
             methodname="runCmd"
             name="getPAREUser"
             public="false"
             responsetype="TEXT"
             returntype="STRING"
             type="Result">
      <action name="token =" params="{script_fnc_getToken()}"/>
      <action name="API_Response =" params="{getUsers()}"/>
      <reference name="script_fnc_getToken"/>
      <reference name="getUsers"/>
      <reference name="API_Response"/>
   </function>
   <function assettype="Create" batch="false" desc="" exposed="true"
             expression="[API_Response]"
             methodname="runCmd"
             name="getPAREWorkgroups"
             public="false"
             responsetype="JSON"
             returntype="STRING"
             type="Result">
      <action name="token =" params="{script_fnc_getToken()}"/>
      <action name="API_Response =" params="{getWorkgroups()}"/>
      <reference name="script_fnc_getToken"/>
      <reference name="getWorkgroups"/>
      <reference name="API_Response"/>
   </function>
   <function asset="generatePermanentLoginToken" assettype="Create" batch="false"
             callmethod="GET"
             desc=""
             engine="UserService"
             exposed="false"
             host="[SERVER_IP]"
             methodname="runCmd"
             name="al_UserService.generatePermanentLoginToken"
             port="[SERVER_PORT]"
             protocol="[SERVER_PROTOCOL]"
             public="false"
             publicapi="true"
             responsetype="TEXT"
             returntype="STRING"
             safctxobjname=""
             safctxobjvalue=""
             token=""
             type="ServerAsset">
      <param datatype="STRING" help="UserName"/>
      <param datatype="STRING" help="Password"/>
   </function>
   <action assettype="Create" batch="false" breakonsuccess="false" desc="" exposed="false"
           methodname="runCmd"
           name="seq_setWebhook"
           public="false"
           responsetype="TEXT"
           serialized="false"
           threadmode="false"
           type="Sequence">
      <param datatype="STRING" help="Name"/>
      <param datatype="STRING" help="URL"/>
      <param datatype="STRING" help="Engine"/>
      <param datatype="STRING" help="Event"/>
      <param datatype="STRING" help="Secret"/>
      <subscriber action="nullout" params="{setWebhook([Name],[URL],[Engine],[Event],[Secret])}"/>
      <reference name="setWebhook"/>
   </action>
   <function assettype="Create" authtype="BEARER" batch="false" bearer="[PartnerToken]"
             desc=""
             downloadloc=""
             exposed="false"
             isdownload="false"
             method="POST"
             methodname="runCmd"
             name="setPartnerWebhook"
             proxyenabled="false"
             public="false"
             rawbody="false"
             rawdata=""
             rawmediatype="TEXT"
             readtimeout="600"
             responsetype="TEXT"
             returntype="STRING"
             type="RestService"
             url="[SERVER_PROTOCOL]://[SERVER_IP]:[SERVER_PORT]/RuleServer/services/[engine]/events/[event]"
             writetimeout="600">
      <param datatype="STRING" help="name"/>
      <param datatype="STRING" help="url"/>
      <param datatype="STRING" help="engine"/>
      <param datatype="STRING" help="event"/>
      <param datatype="STRING" help="secret"/>
      <body key="auth" value="Bearer [PartnerToken]"/>
      <body key="name" value="[name]"/>
      <body key="secret" value="[secret]"/>
      <body key="url" value="[url]"/>
      <reference name="PartnerToken"/>
   </function>
   <action assettype="Create" batch="false" breakonsuccess="false" desc="" exposed="false"
           methodname="runCmd"
           name="seq_setPartnerWebhook"
           public="false"
           responsetype="TEXT"
           serialized="false"
           threadmode="false"
           type="Sequence">
      <param datatype="STRING" help="Name"/>
      <param datatype="STRING" help="URL"/>
      <param datatype="STRING" help="Engine"/>
      <param datatype="STRING" help="Event"/>
      <param datatype="STRING" help="Secret"/>
      <subscriber action="nullout"
                  params="{setPartnerWebhook([Name],[URL],[Engine],[Event],[Secret])}"/>
      <reference name="setPartnerWebhook"/>
   </action>
   <field assettype="Create" batch="false" datatype="STRING" desc="" encrypted="false"
          exposed="false"
          fieldtype="USER"
          name="Master_Engine"
          public="false"
          responsetype="TEXT"
          threadlocal="false"
          valuestr="PartnerProfile,User,UserService,Master"/>
   <field assettype="Create" batch="false" datatype="STRING" desc="" encrypted="false"
          exposed="false"
          fieldtype="USER"
          name="Partner_Engine"
          public="false"
          responsetype="TEXT"
          threadlocal="false"
          valuestr="Master,Email,SiteService,Landlord,Inventory,InvoiceService,Galaxy,LandlordSelfService,PaymentService"/>
   <action assettype="Create" batch="false" desc="" exposed="false" methodname="runCmd"
           name="script_act_setWebhooks"
           public="false"
           responsetype="TEXT"
           type="Script">
      <param datatype="STRING" help="UserId"/>
      <param datatype="STRING" help="Password"/>
      <script scripttype="Javascript">var logLevel = "Error:";
var APIName = "create_company()::script_act_setWebhooks:";

var url = SERVER_PROTOCOL +"://"+SERVER_IP+":"+SERVER_PORT+"/RuleServer/services/audit_engine/assets/add_audit_info";
// Master Engine Events
var master_engine_list = v_Master_Engine.get();
var master_engine = master_engine_list.split(",");
v_token.set("");
v_token.set(script_fnc_getToken.call());
for(var i = 0; i &lt; master_engine.length; i++)
{
	var json = getWebhookEvents.call(master_engine[i]);
	var obj = JSON.parse(json);
	for(var j = 0; j &lt; obj.length; j++)
	{
		var event = obj[j];
		try{
			seq_setWebhook.call(event,url,master_engine[i],event,"1234");
		}
		catch(e){
			v_LogMessage.set("Setting master webhooks");
			Connector_Logger_writeLine2.call(v_EngineName.get(),logLevel+APIName+v_LogMessage.get(),PARTITION_ID);
			Connector_Logger_writeLine2.call(v_EngineName.get(),logLevel+APIName+getLastErrorStack.call(),PARTITION_ID);
			throw "&lt;&lt;&lt; "+ logLevel + v_LogMessage.get() +" &gt;&gt;&gt;";
		}
	}
}

// Partner Engine Events
var partner_engine_list = v_Partner_Engine.get();
var partner_engine = partner_engine_list.split(",");
for(var i = 0; i &lt; partner_engine.length; i++)
{
	var json = getWebhookEvents.call(partner_engine[i]);
	var obj = JSON.parse(json);
	for(var j = 0; j &lt; obj.length; j++)
	{
		var event = obj[j];
		try{
			seq_setPartnerWebhook.call(event,url,partner_engine[i],event,"1234");
		}
		catch(e){
			v_LogMessage.set("Setting partner webhooks");
			Connector_Logger_writeLine2.call(v_EngineName.get(),logLevel+APIName+v_LogMessage.get(),PARTITION_ID);
			Connector_Logger_writeLine2.call(v_EngineName.get(),logLevel+APIName+getLastErrorStack.call(),PARTITION_ID);
			throw "&lt;&lt;&lt; "+ logLevel + v_LogMessage.get() +" &gt;&gt;&gt;";
		}
	}
}

// Site Engine Events
/*url = SERVER_PROTOCOL +"://"+SERVER_IP+":"+SERVER_PORT+"/RuleServer/services/SiteService/assets/processSiteEvents";
var json = getWebhookEvents.call("SiteService");
var obj = JSON.parse(json);
for(var j = 0; j &lt; obj.length; j++)
{
	var event = obj[j];
	try{
		var event_new = event+".";
		seq_setPartnerWebhook.call(event_new,url,"SiteService",event,"1234");
	}
	catch(e){
		v_LogMessage.set("Setting Site webhooks" + e.message);
		Connector_Logger_writeLine2.call(v_EngineName.get(),logLevel+APIName+v_LogMessage.get(),PARTITION_ID);
		Connector_Logger_writeLine2.call(v_EngineName.get(),logLevel+APIName+getLastErrorStack.call(),PARTITION_ID);
		throw "&lt;&lt;&lt; "+ logLevel + v_LogMessage.get() +" &gt;&gt;&gt;";
	}
}
*/
</script>
      <reference name="Connector_Logger.writeLine2"/>
      <reference name="seq_setWebhook"/>
      <reference name="seq_setPartnerWebhook"/>
      <reference name="getLastErrorStack"/>
      <reference name="getToken"/>
      <reference name="setWebhook"/>
      <reference name="getWebhookEvents"/>
      <reference name="script_fnc_getToken"/>
      <reference name="setPartnerWebhook"/>
      <reference name="token"/>
      <reference name="LogMessage"/>
      <reference name="EngineName"/>
      <reference name="Master_Engine"/>
      <reference name="Partner_Engine"/>
   </action>
   <action assettype="Create" batch="false" desc="Sets value of field Master_Engine"
           exposed="false"
           field="Master_Engine"
           methodname="runCmd"
           name="Master_Engine ="
           public="false"
           responsetype="TEXT"
           type="Setter">
      <param datatype="STRING" help="Value of the field Master_Engine"/>
   </action>
   <action assettype="Create" batch="false" desc="Sets value of field Partner_Engine"
           exposed="false"
           field="Partner_Engine"
           methodname="runCmd"
           name="Partner_Engine ="
           public="false"
           responsetype="TEXT"
           type="Setter">
      <param datatype="STRING" help="Value of the field Partner_Engine"/>
   </action>
   <function assettype="Create" authtype="BEARER" batch="false" bearer="" desc=""
             downloadloc=""
             exposed="false"
             isdownload="false"
             method="POST"
             methodname="runCmd"
             name="rc_RatingModule.Rating_Jobs"
             proxyenabled="false"
             public="false"
             rawbody="false"
             rawdata=""
             rawmediatype="TEXT"
             readtimeout="600"
             responsetype="TEXT"
             returntype="STRING"
             type="RestService"
             url="[SERVER_PROTOCOL]://[SERVER_IP]:[SERVER_PORT]/RuleServer/services/RatingModule/assets/Rating_Jobs"
             writetimeout="600">
      <header key="Authorization" value="Bearer [PartnerToken]"/>
      <reference name="PartnerToken"/>
   </function>
   <field assettype="Create" batch="false" datatype="STRING" desc="" encrypted="false"
          exposed="false"
          fieldtype="USER"
          name="MasterSchema"
          public="false"
          responsetype="TEXT"
          threadlocal="true"
          valuestr=""/>
   <action assettype="Create" batch="false" breakonsuccess="false"
           desc="API to authenticating CSR user in PARE server"
           exposed="true"
           methodname="runCmd"
           name="createCSRPartition"
           public="false"
           responsetype="TEXT"
           serialized="false"
           threadmode="false"
           type="Sequence">
      <param datatype="STRING" help="UserName"/>
      <param datatype="STRING" help="Password"/>
      <param datatype="STRING" help="PartitionId"/>
      <subscriber action="token =" params="{script_fnc_getToken()}"/>
      <subscriber action="nullout" params="{addUser([UserName],[Password])}"/>
      <subscriber action="nullout" params="{setUserParent([UserName],[PartitionId])}"/>
      <reference name="script_fnc_getToken"/>
      <reference name="addUser"/>
      <reference name="UserName"/>
      <reference name="setUserParent"/>
      <reference name="PartitionId"/>
   </action>
   <function assettype="Create" authtype="BEARER" batch="false" bearer="[token]" desc=""
             downloadloc=""
             exposed="false"
             isdownload="false"
             method="POST"
             methodname="runCmd"
             name="set_user_workgroup"
             proxyenabled="false"
             public="false"
             rawbody="false"
             rawdata=""
             rawmediatype="TEXT"
             readtimeout="600"
             responsetype="TEXT"
             returntype="STRING"
             type="RestService"
             url="[SERVER_PROTOCOL]://[SERVER_IP]:[SERVER_PORT]/RuleServer/services/set_user_workgroup?username=[UserName]&amp;workgroupname=[WorkgroupName]&amp;inheritable=[Inheritable]"
             writetimeout="600">
      <param datatype="STRING" help="UserName"/>
      <param datatype="STRING" help="WorkgroupName"/>
      <param datatype="STRING" help="Inheritable"/>
      <body key="inheritable" value="[Inheritable]"/>
      <body key="username" value="[UserName]"/>
      <body key="workgroupname" value="[WorkgroupName]"/>
      <reference name="UserName"/>
      <reference name="token"/>
   </function>
   <function assettype="Create" authtype="BEARER" batch="false" bearer="[token]" desc=""
             downloadloc=""
             exposed="false"
             isdownload="false"
             method="POST"
             methodname="runCmd"
             name="set_workgroup_permission"
             proxyenabled="false"
             public="false"
             rawbody="false"
             rawdata=""
             rawmediatype="TEXT"
             readtimeout="600"
             responsetype="TEXT"
             returntype="STRING"
             type="RestService"
             url="[SERVER_PROTOCOL]://[SERVER_IP]:[SERVER_PORT]/RuleServer/services/set_workgroup_permission"
             writetimeout="600">
      <param datatype="STRING" help="WorkgroupName"/>
      <param datatype="STRING" help="Engine"/>
      <param datatype="STRING" help="Permission"/>
      <body key="engine" value="[Engine]"/>
      <body key="permission" value="[Permission]"/>
      <body key="workgroupname" value="[WorkgroupName]"/>
      <reference name="token"/>
   </function>
   <action assettype="Create" batch="false" desc="" exposed="false" methodname="runCmd"
           name="script_act_settingSelfCareWorkgroup"
           public="false"
           responsetype="TEXT"
           type="Script">
      <param datatype="STRING" help="userId"/>
      <script scripttype="Javascript">var logLevel = "Error:";
var APIName = "createSelfCareUser()::script_act_settingSelfCareWorkgroup:";

var userid = onNull.call(userId,"");
var workgroupName = userid + ".wg";
try
{
	add_workgroup.call(workgroupName);
}
catch(err)
{
	v_LogMessage.set("During adding workgroup");
	Connector_Logger_writeLine2.call(v_EngineName.get(),logLevel+APIName+v_LogMessage.get(),PARTITION_ID);
	Connector_Logger_writeLine2.call(v_EngineName.get(),logLevel+APIName+getLastErrorStack.call(),PARTITION_ID);
	throw "&lt;&lt;&lt; "+ logLevel + v_LogMessage.get() +" &gt;&gt;&gt;";
}

try
{
	set_user_workgroup.call(userid,workgroupName,"false");
}
catch(err)
{
	v_LogMessage.set("During setting workgroup to the user");
	Connector_Logger_writeLine2.call(v_EngineName.get(),logLevel+APIName+v_LogMessage.get(),PARTITION_ID);
	Connector_Logger_writeLine2.call(v_EngineName.get(),logLevel+APIName+getLastErrorStack.call(),PARTITION_ID);
	throw "&lt;&lt;&lt; "+ logLevel + v_LogMessage.get() +" &gt;&gt;&gt;";
}

try
{
	set_workgroup_permission.call(workgroupName,"Settings","false|true|false|false|false");
	set_workgroup_permission.call(workgroupName,"Master","false|true|false|false|false");
	set_workgroup_permission.call(workgroupName,"Customer","true|true|true|true|false");
	set_workgroup_permission.call(workgroupName,"Payment","true|true|false|false|false");
	set_workgroup_permission.call(workgroupName,"Ledger","true|true|false|false|false");
	set_workgroup_permission.call(workgroupName,"BillingCoreAPI","true|true|true|false|false");
	set_workgroup_permission.call(workgroupName,"CommonAPI","false|true|false|false|false");
	set_workgroup_permission.call(workgroupName,"Search","false|true|false|false|false");
	set_workgroup_permission.call(workgroupName,"OfferingController","true|true|false|false|false");
	set_workgroup_permission.call(workgroupName,"ShoppingCart","true|true|true|false|false");
	set_workgroup_permission.call(workgroupName,"SelfCarePortal","true|false|false|false|false");
	//Added for View Bill feature in Self Care
	set_workgroup_permission.call(workgroupName,"BillPost","false|true|false|false|false");
	set_workgroup_permission.call(workgroupName,"PDFGen","false|true|false|false|false");
	set_workgroup_permission.call(workgroupName,"docgen","true|true|false|false|false");
	//Added for Avalara Integration support for Upfront tx calucluation from Self Care
	set_workgroup_permission.call(workgroupName,"ChargingModule","true|true|false|false|false");

}
catch(err)
{
	v_LogMessage.set("During setting workgroup permission");
	Connector_Logger_writeLine2.call(v_EngineName.get(),logLevel+APIName+v_LogMessage.get(),PARTITION_ID);
	Connector_Logger_writeLine2.call(v_EngineName.get(),logLevel+APIName+getLastErrorStack.call(),PARTITION_ID);
	throw "&lt;&lt;&lt; "+ logLevel + v_LogMessage.get() +" &gt;&gt;&gt;";
}
</script>
      <reference name="Connector_Logger.writeLine2"/>
      <reference name="getLastErrorStack"/>
      <reference name="onNull"/>
      <reference name="add_workgroup"/>
      <reference name="set_user_workgroup"/>
      <reference name="set_workgroup_permission"/>
      <reference name="LogMessage"/>
      <reference name="EngineName"/>
   </action>
   <action assettype="Create" batch="false" breakonsuccess="false" desc="" exposed="true"
           methodname="runCmd"
           name="createSelfCareUser"
           public="false"
           responsetype="TEXT"
           serialized="false"
           threadmode="false"
           type="Sequence">
      <param datatype="STRING" help="UserId"/>
      <param datatype="STRING" help="Password"/>
      <param datatype="STRING" help="PartitionId"/>
      <subscriber action="token =" params="{script_fnc_getToken()}"/>
      <subscriber action="nullout" params="{addUser([UserId],[Password])}"/>
      <subscriber action="nullout" params="{setUserPartition([UserId],[PartitionId])}"/>
      <subscriber action="nullout"
                  params="{setUserWorkgroup([UserId],[SELF_CARE_WORKGROUP_NAME],false)}"/>
      <reference name="script_fnc_getToken"/>
      <reference name="addUser"/>
      <reference name="setUserPartition"/>
      <reference name="PartitionId"/>
      <reference name="setUserWorkgroup"/>
   </action>
   <action assettype="Create" batch="false" desc="" exposed="false" methodname="runCmd"
           name="script_act_changeDBConnectionString"
           public="false"
           responsetype="TEXT"
           type="Script">
      <param datatype="STRING" help="ConnectionString"/>
      <param datatype="STRING" help="PartitionId"/>
      <script scripttype="Javascript">var totalLength = strlen.call(ConnectionString);
var index = indexof.call(ConnectionString,"=",1);
var calculatedLength = (totalLength - index);
var str = substring.call(ConnectionString,index,calculatedLength);
var replacedString = replace.call(ConnectionString,str,"="+PartitionId);
setParam.call(PartitionId,"PostgreSQL_CONNECTION_STRING",replacedString);
</script>
      <reference name="substring"/>
      <reference name="strlen"/>
      <reference name="indexof"/>
      <reference name="replace"/>
      <reference name="setParam"/>
   </action>
   <action assettype="Create" batch="false" desc="" exposed="false" handleerror="true"
           methodname="runCmd"
           name="act_create_object"
           public="false"
           responsetype="TEXT"
           type="OnError">
      <normalaction name="partner_DB_Connector.DML" params="[ds_getDBObjects.DML_QUERY]"/>
      <erroraction name="LogLevel =" params="Error:"/>
      <erroraction name="APIName =" params="create_company()::act_create_object:"/>
      <erroraction name="LogMessage =" params="Creating DB objects"/>
      <erroraction name="nullout"
                   params="{Connector_Logger.writeLine2([EngineName],[LogLevel][APIName][LogMessage],[PARTITION_ID])}"/>
      <erroraction name="nullout"
                   params="{Connector_Logger.writeLine2([EngineName],[LogLevel][APIName]{Builtin.getLastErrorStack()},[PARTITION_ID])}"/>
      <erroraction name="exception" params="&lt;&lt;&lt;[LogLevel][LogMessage]&gt;&gt;&gt;"/>
      <reference name="ds_getDBObjects.DML_QUERY"/>
      <reference name="Connector_Logger.writeLine2"/>
      <reference name="EngineName"/>
      <reference name="LogLevel"/>
      <reference name="APIName"/>
      <reference name="LogMessage"/>
      <reference name="getLastErrorStack"/>
   </action>
   <action assettype="Create" batch="false" desc="Sets value of field MasterSchema"
           exposed="false"
           field="MasterSchema"
           methodname="runCmd"
           name="MasterSchema ="
           public="false"
           responsetype="TEXT"
           type="Setter">
      <param datatype="STRING" help="Value of the field MasterSchema"/>
   </action>
   <action assettype="Create" batch="false" breakonsuccess="false" desc="" exposed="false"
           methodname="runCmd"
           name="seq_executeCronJobs"
           public="false"
           responsetype="TEXT"
           serialized="false"
           threadmode="false"
           type="Sequence">
      <subscriber action="nullout" params="{rc_BillGen.seq_EligibilityCronJob()}"/>
      <subscriber action="nullout" params="{rc_BillGen.seq_BillCronJob()}"/>
      <subscriber action="nullout" params="{rc_BillPost.seq_BillPostCronJob()}"/>
      <subscriber action="nullout" params="{rc_Email.seq_sendEmailCronJob()}"/>
      <subscriber action="nullout" params="{rc_Email.seq_bounceMailCronJob()}"/>
      <subscriber action="nullout" params="{rc_Dunning.seq_activateDunningCronJob()}"/>
      <subscriber action="nullout" params="{rc_PDFGen.seq_DocGenCronJob()}"/>
      <subscriber action="nullout" params="{rc_RatingModule.Rating_Jobs()}"/>
      <reference name="rc_BillGen.seq_EligibilityCronJob"/>
      <reference name="rc_BillGen.seq_BillCronJob"/>
      <reference name="rc_BillPost.seq_BillPostCronJob"/>
      <reference name="rc_Email.seq_sendEmailCronJob"/>
      <reference name="rc_Email.seq_bounceMailCronJob"/>
      <reference name="rc_Dunning.seq_activateDunningCronJob"/>
      <reference name="rc_PDFGen.seq_DocGenCronJob"/>
      <reference name="rc_RatingModule.Rating_Jobs"/>
   </action>
   <action assettype="Create" batch="false" desc="" exposed="false" handleerror="true"
           methodname="runCmd"
           name="set_schema"
           public="false"
           responsetype="TEXT"
           type="OnError">
      <param datatype="STRING" help="PartitionId"/>
      <normalaction name="partner_DB_Connector.DML" params="SET SCHEMA '[PartitionId]'"/>
      <erroraction name="LogLevel =" params="Error:"/>
      <erroraction name="APIName =" params="create_company()::set_schema:"/>
      <erroraction name="LogMessage =" params="Setting schema"/>
      <erroraction name="nullout"
                   params="{Connector_Logger.writeLine2([EngineName],[LogLevel][APIName][LogMessage],[PARTITION_ID])}"/>
      <erroraction name="nullout"
                   params="{Connector_Logger.writeLine2([EngineName],[LogLevel][APIName]{Builtin.getLastErrorStack()},[PARTITION_ID])}"/>
      <erroraction name="exception" params="&lt;&lt;&lt;[LogLevel][LogMessage]&gt;&gt;&gt;"/>
      <reference name="PartitionId"/>
      <reference name="Connector_Logger.writeLine2"/>
      <reference name="EngineName"/>
      <reference name="LogLevel"/>
      <reference name="APIName"/>
      <reference name="LogMessage"/>
      <reference name="getLastErrorStack"/>
   </action>
   <action assettype="Create" batch="false" breakonerror="false"
           datasource="ds_getDBObjects"
           desc=""
           exposed="false"
           methodname="runCmd"
           name="job_create_schema_objects"
           numrows=""
           numthreads="1"
           public="false"
           responsetype="TEXT"
           type="Job">
      <param datatype="STRING" help="PartitionId"/>
      <member name="set_schema" params="[PartitionId]"/>
      <member name="act_create_object" params=""/>
      <reference name="PartitionId"/>
   </action>
   <action assettype="Create" batch="false" desc="" exposed="false" handleerror="true"
           methodname="runCmd"
           name="assign_userToSchema"
           public="false"
           responsetype="TEXT"
           type="OnError">
      <param datatype="STRING" help="PartitionId"/>
      <normalaction name="partner_DB_Connector.DML"
                    params="grant [PartitionId] to [partner_DB_USERNAME]"/>
      <normalaction name="partner_DB_Connector.DML"
                    params="ALTER SCHEMA [PartitionId] OWNER TO [PartitionId]"/>
      <erroraction name="LogLevel =" params="Error:"/>
      <erroraction name="APIName =" params="create_company()::assign_userToSchema:"/>
      <erroraction name="LogMessage =" params="Setting owner of the schema"/>
      <erroraction name="nullout"
                   params="{Connector_Logger.writeLine2([EngineName],[LogLevel][APIName][LogMessage],[PARTITION_ID])}"/>
      <erroraction name="nullout"
                   params="{Connector_Logger.writeLine2([EngineName],[LogLevel][APIName]{Builtin.getLastErrorStack()},[PARTITION_ID])}"/>
      <erroraction name="exception" params="&lt;&lt;&lt;[LogLevel][LogMessage]&gt;&gt;&gt;"/>
      <reference name="PartitionId"/>
      <reference name="Connector_Logger.writeLine2"/>
      <reference name="EngineName"/>
      <reference name="LogLevel"/>
      <reference name="APIName"/>
      <reference name="LogMessage"/>
      <reference name="getLastErrorStack"/>
   </action>
   <action assettype="Create" batch="false" desc="" exposed="false" handleerror="true"
           methodname="runCmd"
           name="create_partitionSchema"
           public="false"
           responsetype="TEXT"
           type="OnError">
      <param datatype="STRING" help="PartitionId"/>
      <normalaction name="partner_DB_Connector.DML" params="CREATE SCHEMA [PartitionId]"/>
      <erroraction name="LogLevel =" params="Error:"/>
      <erroraction name="APIName =" params="create_company()::create_partitionSchema:"/>
      <erroraction name="LogMessage =" params="Creating Partner Schema"/>
      <erroraction name="nullout"
                   params="{Connector_Logger.writeLine2([EngineName],[LogLevel][APIName][LogMessage],[PARTITION_ID])}"/>
      <erroraction name="nullout"
                   params="{Connector_Logger.writeLine2([EngineName],[LogLevel][APIName]{Builtin.getLastErrorStack()},[PARTITION_ID])}"/>
      <erroraction name="exception" params="&lt;&lt;&lt;[LogLevel][LogMessage]&gt;&gt;&gt;"/>
      <reference name="PartitionId"/>
      <reference name="Connector_Logger.writeLine2"/>
      <reference name="EngineName"/>
      <reference name="LogLevel"/>
      <reference name="APIName"/>
      <reference name="LogMessage"/>
      <reference name="getLastErrorStack"/>
   </action>
   <action assettype="Create" batch="false" desc="" exposed="false" handleerror="true"
           methodname="runCmd"
           name="create_dbuser"
           public="false"
           responsetype="TEXT"
           type="OnError">
      <param datatype="STRING" help="PartitionId"/>
      <param datatype="STRING" help="Password"/>
      <normalaction name="partner_DB_Connector.DML"
                    params="CREATE ROLE [PartitionId] WITH       LOGIN   NOSUPERUSER NOCREATEDB    NOCREATEROLE                INHERIT                NOREPLICATION CONNECTION LIMIT -1   VALID UNTIL '2099-12-26T14:33:48+05:30'     PASSWORD '[Password]'"/>
      <erroraction name="LogLevel =" params="Error:"/>
      <erroraction name="APIName =" params="create_company()::create_dbuser:"/>
      <erroraction name="LogMessage =" params="Creating DB user"/>
      <erroraction name="nullout"
                   params="{Connector_Logger.writeLine2([EngineName],[LogLevel][APIName][LogMessage],[PARTITION_ID])}"/>
      <erroraction name="nullout"
                   params="{Connector_Logger.writeLine2([EngineName],[LogLevel][APIName]{Builtin.getLastErrorStack()},[PARTITION_ID])}"/>
      <erroraction name="exception" params="&lt;&lt;&lt;[LogLevel][LogMessage]&gt;&gt;&gt;"/>
      <reference name="PartitionId"/>
      <reference name="Connector_Logger.writeLine2"/>
      <reference name="EngineName"/>
      <reference name="LogLevel"/>
      <reference name="APIName"/>
      <reference name="LogMessage"/>
      <reference name="getLastErrorStack"/>
   </action>
   <action assettype="Create" batch="false" breakonsuccess="false" desc="" exposed="false"
           methodname="runCmd"
           name="seq_createPartitionSchema"
           public="false"
           responsetype="TEXT"
           serialized="false"
           threadmode="false"
           type="Sequence">
      <param datatype="STRING" help="PartitionId"/>
      <param datatype="STRING" help="Password"/>
      <subscriber action="create_dbuser" params="[PartitionId],[Password]"/>
      <subscriber action="create_partitionSchema" params="[PartitionId]"/>
      <subscriber action="assign_userToSchema" params="[PartitionId]"/>
      <subscriber action="ds_getDBObjects.Refresh" params=""/>
      <subscriber action="job_create_schema_objects" params="[PartitionId]"/>
      <subscriber action="grant_privilege_tables" params="[PartitionId]"/>
      <subscriber action="grant_privilege_sequences" params="[PartitionId]"/>
      <subscriber action="set_schema" params="[MasterSchema]"/>
      <reference name="PartitionId"/>
      <reference name="MasterSchema"/>
   </action>
   <connector assettype="Create" batch="false" childfirst="false"
              classloc="C:\Users\abhra/PAREExportBundles/AdminService/lib/truebyllibrary.jar"
              classname="com.umt.SBLG.FileManager.common.JFileHandler"
              conntype="CLASS"
              desc=""
              exposed="false"
              itype="Singleton"
              name="Connector_FileHandler"
              public="false"
              responsetype="TEXT"
              username="">
      <password algo="md5" password="" usepwdman="true"/>
   </connector>
   <function assettype="Create" batch="false" classconnector="Connector_FileHandler"
             desc="Function listFiles of Class Connector_FileHandler"
             exposed="false"
             methodname="listFiles"
             name="Connector_FileHandler.listFiles"
             public="false"
             responsetype="TEXT"
             returntype="STRING"
             type="Custom">
      <param datatype="STRING" help="arg0"/>
      <param datatype="STRING" help="arg1"/>
   </function>
   <function assettype="Create" authtype="BEARER" batch="false" bearer="[token]" desc=""
             downloadloc=""
             exposed="false"
             isdownload="false"
             method="POST"
             methodname="runCmd"
             name="rc_docgen.deploy_template"
             proxyenabled="false"
             public="false"
             rawbody="false"
             rawdata=""
             rawmediatype="TEXT"
             readtimeout="600"
             responsetype="TEXT"
             returntype="STRING"
             type="RestService"
             url="[SERVER_PROTOCOL]://[SERVER_IP]:[SERVER_PORT]/RuleServer/services/docgen/assets/deploy_template"
             writetimeout="600">
      <param datatype="STRING" help="templateName"/>
      <param datatype="STRING" help="templateContent"/>
      <body key="templateContent" value="[templateContent]"/>
      <body key="templateName" value="[templateName]"/>
      <reference name="token"/>
   </function>
   <action assettype="Create" batch="false" classconnector="Connector_FileHandler"
           desc="Action copyFile of Class Connector_FileHandler"
           exposed="false"
           methodname="copyFile"
           name="Connector_FileHandler.copyFile"
           public="false"
           responsetype="TEXT"
           type="Custom">
      <param datatype="STRING" help="arg0"/>
      <param datatype="STRING" help="arg1"/>
      <param datatype="BOOLEAN" help="arg2"/>
   </action>
   <action assettype="Create" batch="false" desc="" exposed="false" methodname="runCmd"
           name="script_act_copyParamStore"
           public="false"
           responsetype="TEXT"
           type="Script">
      <param datatype="STRING" help="storename"/>
      <param datatype="STRING" help="partitionid"/>
      <script scripttype="Javascript">var logLevel = "Error:";
var APIName = "UserService::script_act_copyParamStore():";
var logMsg = "";
try
{
	var paramStore = new com.ruleengine.settings.ParamsStore(storename,true);
	var p = paramStore.getParams(com.ruleengine.manager.RuleManager.DEF_PART);
	paramStore.putParams(partitionid, p);
}
catch(e)
{
	logMsg = "Copying paramstore "+storename;
	Connector_Logger_writeLine2.call(v_EngineName.get(),logLevel+apiName+logMsg,PARTITION_ID);
	Connector_Logger_writeLine2.call(v_EngineName.get(),logLevel+apiName+getLastErrorStack.call(),PARTITION_ID);
	throw "&lt;&lt;&lt; "+ logLevel + logMsg +" &gt;&gt;&gt;";
}</script>
      <reference name="Connector_Logger.writeLine2"/>
      <reference name="getLastErrorStack"/>
      <reference name="EngineName"/>
   </action>
   <action assettype="Create" batch="false" desc="" exposed="false" methodname="runCmd"
           name="script_act_setPartnerWorkflowWebhook"
           public="false"
           responsetype="TEXT"
           type="Script">
      <script scripttype="Javascript">var logLevel = "Error:";
var APIName = "createPartnerWebhook()::script_act_setPartnerWorkflowWebhooks:";

var url = SERVER_PROTOCOL +"://"+SERVER_IP+":"+SERVER_PORT+"/RuleServer/services/Workflow/assets/processWorkFlowEvents";
try{
	seq_setPartnerWebhook.call("ProcessWorkflowEvents",url,"monitor","workflows","1234");
}
catch(e){
	v_LogMessage.set("Setting webhook");
	Connector_Logger_writeLine2.call(v_EngineName.get(),logLevel+APIName+v_LogMessage.get(),PARTITION_ID);
	Connector_Logger_writeLine2.call(v_EngineName.get(),logLevel+APIName+getLastErrorStack.call(),PARTITION_ID);
	throw "&lt;&lt;&lt; "+ logLevel + v_LogMessage.get() +" &gt;&gt;&gt;";
}
</script>
      <reference name="Connector_Logger.writeLine2"/>
      <reference name="seq_setPartnerWebhook"/>
      <reference name="getLastErrorStack"/>
      <reference name="setPartnerWebhook"/>
      <reference name="LogMessage"/>
      <reference name="EngineName"/>
   </action>
   <field assettype="Create" batch="false" datatype="STRING" desc="" encrypted="false"
          exposed="false"
          fieldtype="USER"
          name="ParamStore_FileName_TemplateConnections"
          public="false"
          responsetype="TEXT"
          threadlocal="false"
          valuestr="templateConnections"/>
   <field assettype="Create" batch="false" datatype="STRING" desc="" encrypted="false"
          exposed="false"
          fieldtype="USER"
          name="ParamStore_FileName_TemplateVersions"
          public="false"
          responsetype="TEXT"
          threadlocal="false"
          valuestr="templateVersions"/>
   <action assettype="Create" batch="false" desc="" exposed="false" methodname="runCmd"
           name="script_act_deployReportTeamplates"
           public="false"
           responsetype="TEXT"
           type="Script">
      <param datatype="STRING" help="repository"/>
      <param datatype="STRING" help="partition"/>
      <script scripttype="Javascript">sysout.call('\n\n\n\nReport template repository == '+repository);
var templateBundleList=Connector_FileHandler_listFiles.call(repository,'zip');
//	sysout.call('template = '+templateBundleList);
var templateBundleArr = templateBundleList.split("\n");
var bundlesDeployed = 0;
for (var i=0; i&lt; templateBundleArr.length; i++)
{
	//sysout.call('File Name '+templateBundleArr[i]);
	if(templateBundleArr[i]!='')
	{
		var templateName = replace.call(templateBundleArr[i],'.zip','');
		//sysout.call('templateName '+templateName);
		var content = fileToBase64.call(repository+templateBundleArr[i]);
		rc_docgen_deploy_template.call(templateName,content);
		bundlesDeployed = 1;
	}
}
//sysout.call('Copying '+REPORT_REPOSITORY+'/ReportDescription.txt'+' to '+REPOSITORY_ROOT+'/'+partition+'/ReportDescription.txt');
if(bundlesDeployed == 1)
{
	Connector_FileHandler_copyFile.call(REPORT_REPOSITORY+'/ReportDescription.txt',REPOSITORY_ROOT+'/'+partition+'/ReportDescription.txt',true);
	Connector_FileHandler_copyFile.call(REPORT_REPOSITORY+'/docgen_truebyl.xml',REPOSITORY_ROOT+'/'+partition+'/docgen_truebyl.xml',true);
	try
	{
		script_act_copyParamStore.call(v_ParamStore_FileName_TemplateConnections.get(),partition);	
		script_act_copyParamStore.call(v_ParamStore_FileName_TemplateVersions.get(),partition);	
		
	}
	catch(e)
	{
		v_LogMessage.set("Error in template paramstore copy");
		Connector_Logger_writeLine2.call(v_EngineName.get(),logLevel+apiName+v_LogMessage.get(),partition);
		Connector_Logger_writeLine2.call(v_EngineName.get(),logLevel+apiName+getLastErrorStack.call(),partition);
		throw "&lt;&lt;&lt; "+ logLevel + v_LogMessage.get() +" &gt;&gt;&gt;";
	}
	
}</script>
      <reference name="sysout"/>
      <reference name="Connector_Logger.writeLine2"/>
      <reference name="Connector_FileHandler.copyFile"/>
      <reference name="script_act_copyParamStore"/>
      <reference name="replace"/>
      <reference name="fileToBase64"/>
      <reference name="getLastErrorStack"/>
      <reference name="Connector_FileHandler.listFiles"/>
      <reference name="rc_docgen.deploy_template"/>
      <reference name="LogMessage"/>
      <reference name="EngineName"/>
      <reference name="ParamStore_FileName_TemplateConnections"/>
      <reference name="ParamStore_FileName_TemplateVersions"/>
   </action>
   <action assettype="Create" batch="false" desc="" exposed="false" methodname="runCmd"
           name="script_act_setPartnerUserWebhook"
           public="false"
           responsetype="TEXT"
           type="Script">
      <script scripttype="Javascript">var logLevel = "Error:";
var APIName = "createPartnerWebhook()::script_act_setPartnerUserWebhooks:";

var url = SERVER_PROTOCOL +"://"+SERVER_IP+":"+SERVER_PORT+"/RuleServer/services/User/assets/processUserEvent";
try{
	seq_setPartnerWebhook.call("ProcessUserEvents",url,"monitor","users","1234");
}
catch(e){
	v_LogMessage.set("Setting webhook");
	Connector_Logger_writeLine2.call(v_EngineName.get(),logLevel+APIName+v_LogMessage.get(),PARTITION_ID);
	Connector_Logger_writeLine2.call(v_EngineName.get(),logLevel+APIName+getLastErrorStack.call(),PARTITION_ID);
	throw "&lt;&lt;&lt; "+ logLevel + v_LogMessage.get() +" &gt;&gt;&gt;";
}
</script>
      <reference name="Connector_Logger.writeLine2"/>
      <reference name="seq_setPartnerWebhook"/>
      <reference name="getLastErrorStack"/>
      <reference name="setPartnerWebhook"/>
      <reference name="LogMessage"/>
      <reference name="EngineName"/>
   </action>
   <action assettype="Create" batch="false" breakonsuccess="false"
           desc="API to authenticate Partner into PARE server"
           exposed="true"
           methodname="runCmd"
           name="create_company"
           public="false"
           responsetype="TEXT"
           serialized="false"
           threadmode="false"
           type="Sequence">
      <param datatype="STRING" help="UserId"/>
      <param datatype="STRING" help="PartitionId"/>
      <param datatype="STRING" help="Password"/>
      <param datatype="STRING" help="DBPassword"/>
      <param datatype="STRING" help="CompanyName"/>
      <param datatype="STRING" help="AuditModBy"/>
      <param datatype="STRING" help="CurrencyCd"/>
      <subscriber action="token =" params="{script_fnc_getToken()}"/>
      <subscriber action="MasterSchema =" params="[partner_DB_USERNAME]"/>
      <subscriber action="nullout" params="{createPartition([PartitionId])}"/>
      <subscriber action="nullout" params="{addUser([UserId],[Password])}"/>
      <subscriber action="nullout" params="{setUserPartition([UserId],[PartitionId])}"/>
      <subscriber action="nullout" params="{setUserWorkgroup([UserId],administrator,false)}"/>
      <subscriber action="token ="
                  params="{al_UserService.generateLoginToken([UserId],[Password])}"/>
      <subscriber action="nullout"
                  params="{setPassword([PartitionId],partner_DB_PASSWORD,[DBPassword])}"/>
      <subscriber action="script_act_retrieveDefaultPassword" params=""/>
      <subscriber action="nullout"
                  params="{setPassword([PartitionId],SMTP_email_password,[API_Response])}"/>
      <subscriber action="nullout"
                  params="{setParam([PartitionId],partner_DB_USERNAME,[PartitionId])}"/>
      <subscriber action="script_act_changeDBConnectionString"
                  params="[PostgreSQL_CONNECTION_STRING],[PartitionId]"/>
      <subscriber action="nullout" params="{setParam([PartitionId],PARTITION_ID,[PartitionId])}"/>
      <subscriber action="nullout"
                  params="{setParam([PartitionId],Partner_CompanyName,[CompanyName])}"/>
      <subscriber action="nullout"
                  params="{setParam([PartitionId],Partner_CurrencyCd,[CurrencyCd])}"/>
      <subscriber action="nullout"
                  params="{setParam([PartitionId],AUDIT_TRAIL_MODBY,[AuditModBy])}"/>
      <subscriber action="nullout"
                  params="{setParam([PartitionId],LOGGER_ROOT,{script_fnc_concatLogPath([PartitionId])})}"/>
      <subscriber action="nullout"
                  params="{setParam([PartitionId],REPOSITORY_ROOT,[REPOSITORY_ROOT]/[PartitionId]/)}"/>
      <subscriber action="script_act_deployReportTeamplates"
                  params="[REPORT_REPOSITORY],[PartitionId]"/>
      <subscriber action="seq_createPartitionSchema" params="[PartitionId],[DBPassword]"/>
      <subscriber action="PartnerToken ="
                  params="{al_UserService.generatePermanentLoginToken([UserId],[Password])}"/>
      <subscriber action="script_act_setWebhooks" params="[PartitionId],[Password]"/>
      <subscriber action="script_act_setPartnerWorkflowWebhook" params=""/>
      <subscriber action="script_act_setPartnerUserWebhook" params=""/>
      <reference name="script_fnc_getToken"/>
      <reference name="createPartition"/>
      <reference name="PartitionId"/>
      <reference name="addUser"/>
      <reference name="setUserPartition"/>
      <reference name="setUserWorkgroup"/>
      <reference name="al_UserService.generateLoginToken"/>
      <reference name="setPassword"/>
      <reference name="API_Response"/>
      <reference name="setParam"/>
      <reference name="script_fnc_concatLogPath"/>
      <reference name="al_UserService.generatePermanentLoginToken"/>
   </action>
</rulesconfig>